id,calories,proteins,fat,carbohydrate,name,suitable for diabetes,glucose
1,280.0,9.2,28.4,0.0,Abon,1,0.0
2,513.0,23.7,37.0,21.3,Abon haruwan,1,210.87000000000003
3,0.0,0.0,0.2,0.0,Agar-agar,1,0.0
4,45.0,1.1,0.4,10.8,Akar tonjong segar,1,106.92000000000002
5,37.0,4.4,0.5,3.8,Aletoge segar,1,37.62
6,85.0,0.9,6.5,7.7,Alpukat segar,1,76.23
7,96.0,3.7,0.6,19.1,Ampas kacang hijau,1,189.09
8,414.0,26.6,18.3,41.3,Ampas Tahu,1,408.87
9,75.0,4.1,2.1,10.7,Ampas tahu kukus,1,105.92999999999999
10,67.0,5.0,2.1,8.1,Ampas tahu mentah,1,80.19
11,184.0,18.8,14.0,0.0,Anak sapi daging gemuk segar,1,0.0
12,174.0,19.6,10.0,0.0,Anak sapi daging kurus segar,1,0.0
13,190.0,19.1,12.0,0.0,Anak sapi daging sedang segar,1,0.0
14,99.0,4.6,1.0,18.0,Andaliman segar,1,178.20000000000002
15,25.0,1.6,0.2,5.3,Andewi,1,52.47
16,30.0,0.5,0.2,6.8,Anggur hutan segar,1,67.32000000000001
17,354.0,16.4,31.5,0.0,Angsa,1,0.0
18,126.0,3.4,7.9,10.3,Anyang sayur,1,101.97000000000001
19,58.0,0.3,0.4,14.9,Apel,1,147.51
20,57.0,0.5,0.4,12.8,Apel malang segar,1,126.72000000000001
21,37.0,0.8,0.5,8.3,Arbei,1,82.17
22,113.0,0.9,7.2,11.2,Ares sayur,1,110.88
23,102.0,1.0,0.2,24.1,Arrowroot segar,1,238.59000000000003
24,277.0,2.4,25.0,10.7,Arwan sirsir,1,105.92999999999999
25,75.0,0.2,1.1,16.1,Asam kandis segar,1,159.39000000000004
26,239.0,2.8,0.6,62.5,Asam masak di pohon,0,618.75
27,135.0,0.8,0.4,32.1,Asam payak segar,1,317.79
28,261.0,0.9,1.6,63.3,Asan kandis kering,0,626.67
29,98.0,3.9,2.6,14.8,Asinan Bogor sayuran,1,146.52
30,302.0,18.2,25.0,0.0,Ayam,1,0.0
31,297.0,35.9,15.2,1.6,Ayam  goreng Kentuckysayap,1,15.840000000000002
32,270.0,32.3,11.2,9.9,Ayam ampela goreng,1,98.01
33,75.0,13.8,1.9,0.7,Ayam dideh/darah segar,1,6.93
34,295.0,34.0,16.0,1.5,Ayam goreng church texa sayap,1,14.850000000000001
35,338.0,35.2,20.6,0.4,Ayam goreng church texas dada,1,3.9600000000000004
36,275.0,37.4,12.2,1.3,Ayam goreng kalasan paha,1,12.870000000000001
37,298.0,34.2,16.8,0.1,Ayam goreng kentucky dada,1,0.9900000000000001
38,286.0,32.1,16.1,1.1,Ayam goreng Kentucky paha,1,10.890000000000002
39,295.0,39.2,13.6,1.0,Ayam goreng mbok berek dada,1,9.9
40,287.0,31.0,15.7,1.7,Ayam goreng paha,1,16.830000000000002
41,246.0,37.9,9.0,0.7,Ayam goreng pasundan dada,1,6.93
42,245.0,33.1,11.4,0.3,Ayam goreng pasundan paha,1,2.97
43,295.0,37.4,14.7,0.6,Ayam goreng pioneer dada,1,5.94
44,244.0,36.7,9.2,1.0,Ayam goreng sukabumi dada,1,9.9
45,283.0,35.7,14.3,0.5,Ayam goreng sukabumi paha,1,4.95
46,261.0,27.4,16.1,1.6,Ayam hati segar,1,15.840000000000002
47,264.0,18.2,20.1,2.7,Ayam taliwang masakan,1,26.730000000000004
48,473.0,45.2,26.3,13.9,Ayam usus goreng,1,137.61
49,113.0,17.6,4.2,0.0,Babat,1,0.0
50,453.0,11.9,45.0,0.0,Babi daging gemuk segar,1,0.0
51,371.0,14.1,35.0,0.0,Babi daging kurus segar,1,0.0
52,110.0,16.3,4.6,0.8,Babi ginjal segar,1,7.920000000000001
53,129.0,19.7,4.8,1.7,Babi hati segar,1,16.830000000000002
54,491.0,24.6,16.3,0.2,Babi hutan masak rica masakan,1,1.9800000000000002
55,102.9,3.3,2.7,16.3,Bacang,1,161.37000000000003
56,450.0,3.2,13.9,78.1,Bagea kelapa asin,0,773.1899999999999
57,452.0,1.3,13.8,80.6,Bagea kelapa manis,0,797.9399999999999
58,529.0,3.2,29.1,63.6,Bagea kenari asin,0,629.6400000000001
59,523.0,3.2,28.2,64.2,Bagea kenari manis,0,635.58
60,416.0,6.5,9.4,76.3,Bagea kw 1,0,755.3700000000001
61,382.0,0.3,3.5,87.2,Bagea kw 2,0,863.2800000000002
62,129.0,1.9,6.6,15.6,Baje,1,154.44
63,272.0,8.7,6.7,44.1,Bakpia kue,1,436.59000000000003
64,76.0,4.1,2.5,9.2,Bakso ,1,91.08
65,27.0,2.0,0.2,4.2,Bakung segar,1,41.58000000000001
66,280.0,8.2,10.2,39.0,Bakwan,1,386.1
67,13.0,0.4,0.2,3.0,Baligo,1,29.700000000000003
68,190.0,3.3,0.3,43.5,Bantal,1,430.65000000000003
69,159.0,3.1,5.8,23.5,Barongko,1,232.65
70,137.0,4.3,4.8,19.1,Batang Tading,1,189.09
71,107.0,2.2,2.2,19.6,Batar daan,1,194.04000000000002
72,76.0,1.1,0.9,16.0,Batatas gembili segar,1,158.4
73,110.0,1.4,1.1,23.4,Batatas kelapa ubi bakar,1,231.66000000000003
74,92.0,1.2,0.3,21.0,Batatas kelapa ubi kukus,1,207.9
75,89.0,1.1,0.1,21.0,Batatas kelapa ubi segar,1,207.9
76,182.0,2.4,0.4,42.2,Batatas tali ubi rebus,1,417.7800000000001
77,45.0,1.4,0.2,10.3,Bawang Bombay,1,101.97000000000001
78,39.0,1.5,0.3,0.2,Bawang Merah,1,1.9800000000000002
79,95.0,4.5,0.2,23.1,Bawang Putih,1,228.69000000000003
80,30.0,1.3,0.7,5.8,Bayam kukus,1,57.42
81,51.0,4.6,0.5,10.0,Bayam Merah,1,99.0
82,41.0,2.2,0.8,6.3,Bayam merah segar,1,62.370000000000005
83,23.0,1.2,0.6,3.7,Bayam rebus,1,36.63
84,36.0,3.5,0.5,6.5,Bayam segar,1,64.35000000000001
85,102.0,3.7,6.7,6.9,Bayam tumis + oncom,1,68.31
86,48.0,1.4,4.2,2.6,Bayam tumis bersantan,1,25.740000000000002
87,326.0,16.0,28.6,0.0,Bebek (itik),1,0.0
88,303.0,11.3,27.0,3.7,Bebek alabio daging segar,1,36.63
89,300.0,24.0,20.7,4.5,Bebek daging goreng,1,44.550000000000004
90,65.0,1.1,5.2,3.5,Beberuk,1,34.650000000000006
91,258.0,10.6,9.5,32.5,Beef burger,1,321.75
92,151.0,8.6,3.1,22.3,Beef teriyaki masakan,1,220.77
93,132.0,9.8,1.1,20.7,Beef yakiniku masakan,1,204.93
94,116.0,11.9,4.9,6.1,Bekasam,1,60.39
95,78.0,11.4,2.0,3.6,Bekasang,1,35.64
96,131.0,20.2,4.3,2.8,Belibis daging segar,1,27.72
97,36.0,0.4,0.4,8.8,Belimbing,1,87.12000000000002
98,145.0,1.2,0.4,34.2,Belitung talas kukus,1,338.58000000000004
99,417.0,25.9,19.4,32.0,Belut goreng,1,316.8
100,70.0,14.6,0.8,1.0,Belut segar,1,9.9
101,93.0,12.8,1.5,6.1,Belutlaut segar,1,60.39
102,55.0,1.4,0.2,12.8,Bengkuang,1,126.72000000000001
103,98.0,1.6,0.7,20.9,Bentul (Komba)  talas segar,1,206.91000000000003
104,71.0,2.3,0.3,15.4,Bentul talas kukus,1,152.46
105,350.0,2.7,1.1,82.3,Beras Cerdas,0,814.77
106,364.0,3.4,0.7,86.3,Beras ganyong,0,854.3700000000001
107,360.0,6.8,0.7,78.9,Beras Giling,0,781.11
108,178.0,2.1,0.1,40.6,Beras Giling masak (nasi) ,1,401.94000000000005
109,357.0,8.4,1.7,77.1,Beras giling mentah,0,763.29
110,369.0,9.5,1.4,77.1,Beras giling var pelita mentah,0,763.29
111,357.0,8.4,1.7,77.1,Beras giling var rojolele mentah,0,763.29
112,351.0,8.0,1.3,76.9,Beras hitam mentah,0,761.3100000000002
113,358.0,5.5,0.1,82.7,Beras jagung kuning kering mentah,0,818.7300000000001
114,307.0,4.8,0.1,71.8,Beras jagung putih kering mentah,0,710.82
115,356.0,7.0,0.7,78.0,Beras Ketan Hitam,0,772.2
116,181.0,4.0,1.2,37.3,Beras Ketan Hitam kukus,1,369.27
117,166.0,3.8,1.0,34.4,Beras Ketan Hitam tape,1,340.56000000000006
118,360.0,8.0,2.3,74.5,Beras Ketan Hitam tumbuk,0,737.5500000000001
119,360.0,8.0,2.3,74.5,Beras ketan hitam tumbuk mentah,0,737.5500000000001
120,362.0,6.7,0.7,79.4,Beras Ketan Putih,0,786.0600000000002
121,163.0,3.0,0.4,35.7,Beras Ketan Putih kukus,1,353.43
122,172.0,3.0,0.5,37.5,Beras Ketan Putih tape,1,371.25
123,361.0,7.4,0.8,78.4,Beras Ketan Putih tumbuk,0,776.1600000000001
124,361.0,7.4,0.8,78.4,Beras ketan putih tumbuk mentah,0,776.1600000000001
125,376.0,7.5,3.8,78.0,Beras ladang mentah,0,772.2
126,339.0,7.7,4.4,73.0,Beras Menir,0,722.7
127,362.0,7.7,4.4,73.0,Beras menir mentah,0,722.7
128,359.0,7.5,0.9,77.6,Beras Merah tumbuk,0,768.24
129,364.0,6.8,0.6,80.1,Beras Parboiled,0,792.99
130,353.0,6.8,0.6,80.0,Beras parboiled,0,792.0
131,335.0,7.4,1.9,76.2,Beras Pecah Kulit,0,754.3800000000001
132,363.0,7.6,1.1,78.3,Beras Setengah Giling,0,775.1700000000001
133,344.0,1.1,0.2,28.3,Beras Siger,1,280.17
134,354.0,7.8,0.4,79.9,Beras tumbuk mentah,0,791.0100000000001
135,352.0,7.3,0.9,76.2,Beras tumbuk merah mentah,0,754.3800000000001
136,145.0,16.3,7.0,4.1,Betok wadi masakan,1,40.589999999999996
137,360.0,4.7,0.1,82.1,Bihun,0,812.79
138,154.0,3.0,4.5,25.5,Bihun Goreng ,1,252.45000000000002
139,381.0,6.1,3.9,80.3,Bihun goreng instan,0,794.97
140,354.0,0.5,0.3,87.4,Bihun Jagung mentah,0,865.2600000000001
141,348.0,4.7,0.1,82.1,Bihun mentah,0,812.79
142,562.0,21.2,49.6,23.6,Biji Jambu Mete,1,233.64000000000004
143,629.0,21.5,56.6,19.8,Biji Jambu Mete goreng,1,196.02
144,262.0,2.3,5.4,51.1,Biji nangka/Biji salak,0,505.8900000000001
145,199.0,2.1,1.5,44.4,Bika ambon,1,439.56000000000006
146,225.7,3.0,0.3,52.9,Bika Ambon ,0,523.71
147,48.0,0.6,0.0,4.4,Bir (4% alkohol),1,43.56000000000001
148,458.0,6.9,14.4,75.1,Biskuit,0,743.49
149,42.0,1.6,0.1,9.6,Bit,1,95.04
150,51.0,0.3,0.1,12.1,Biwah segar,1,119.79
151,43.0,2.6,0.0,11.6,Bonggol Pisang,1,114.84
152,245.0,3.4,0.0,66.2,Bonggol Pisang kering,0,655.3800000000001
153,119.0,4.4,3.5,18.3,Bongkrek (tempe bungkil),1,181.17000000000002
154,23.0,1.0,0.8,7.2,Boros Kunci,1,71.28
155,22.0,1.0,0.3,4.7,Boros Laja (lengkuas),1,46.53000000000001
156,186.0,11.7,9.7,13.0,Botok lamtoro,1,128.70000000000002
157,249.0,3.4,0.4,58.0,Brem,0,574.2
158,400.0,4.0,0.7,95.3,Brondong ,0,943.47
159,141.0,15.3,3.3,12.6,Brongkos,1,124.74000000000001
160,23.0,0.8,0.2,5.2,Buah Atung,1,51.480000000000004
161,110.0,1.4,2.1,21.4,Buah kelenting segar,1,211.85999999999999
162,38.0,1.5,0.2,7.5,Buah kelor,1,74.25
163,264.0,4.0,1.1,59.6,Buah kom segar,0,590.04
164,39.0,0.7,0.2,9.7,Buah Mentega (bisbul),1,96.03
165,87.0,2.6,2.7,13.1,Buah merah,1,129.69
166,71.0,1.7,3.1,9.1,Buah Naga Merah segar,1,90.09
167,56.0,0.8,1.0,10.9,Buah Naga Putih segar,1,107.91000000000003
168,55.0,1.2,0.1,12.2,Buah negri segar,1,120.78
169,101.0,1.7,0.6,25.2,Buah Nona,1,249.48000000000002
170,78.0,0.6,0.3,18.2,Buah rotan segar,1,180.18
171,113.0,0.8,0.3,26.8,Buah rukam segar,1,265.32000000000005
172,29.0,2.1,0.7,3.6,Buah ruruhi segar,1,35.64
173,67.0,0.4,0.2,15.9,Buah tuppa segar,1,157.41000000000003
174,365.0,49.6,4.8,30.8,Buaya daging dendeng mentah,1,304.92
175,60.0,1.0,60.0,13.0,Bubur ,1,128.70000000000002
176,167.0,0.2,4.0,33.0,Bubur sagu,1,326.70000000000005
177,156.0,2.3,0.2,15.6,Bubur tinotuan (Manado),1,154.44
178,72.0,11.4,4.9,1.4,Bulgogi masakan,1,13.86
179,212.0,16.9,0.2,47.6,Bulung Jajan,1,471.24000000000007
180,237.0,14.7,0.2,56.0,Bulung Sangu,0,554.4000000000001
181,35.0,2.4,0.2,7.7,Buncis,1,76.23
182,60.0,5.1,0.5,8.5,Buncis asam,1,84.15
183,30.0,2.2,0.2,6.4,Buncis rebus,1,63.36000000000001
184,45.0,2.6,0.3,8.1,Bunga pepaya segar,1,80.19
185,42.0,2.0,1.1,6.1,Bunga turi segar,1,60.39
186,333.0,29.3,3.3,50.0,Bungkil Biji Karet,1,495.00000000000006
187,336.0,37.4,13.0,30.5,Bungkil Kacang Tanah,1,301.95000000000005
188,368.0,23.0,15.0,40.0,Bungkil Kelapa,1,396.0
189,106.0,4.4,6.3,7.9,Buntil ,1,78.21000000000001
190,141.0,4.4,10.2,8.0,Buntil daun talas,1,79.2
191,125.7,3.3,1.9,23.9,Buras ,1,236.60999999999999
192,281.0,37.5,0.3,32.1,Burung sarang segar,1,317.79
193,38.0,1.6,0.8,6.3,Cabai gembor merah segar,1,62.370000000000005
194,26.0,0.7,0.3,5.2,Cabai hijau segar,1,51.480000000000004
195,367.0,15.9,6.2,61.8,Cabai merah kering,0,611.82
196,36.0,1.0,0.3,7.3,Cabai merah segar,1,72.27000000000001
197,120.0,4.7,2.4,19.9,Cabai rawit segar,1,197.01
198,20.0,1.7,0.4,3.4,Caisin segar,1,33.660000000000004
199,155.0,20.1,3.8,10.2,Cakalang asar (asap papua),1,100.98
200,323.0,4.9,11.5,50.1,Cake tape,0,495.99000000000007
201,102.0,3.2,6.0,8.7,Cammetutu,1,86.13
202,366.0,11.0,3.3,73.0,Cantel mentah,0,722.7
203,97.0,5.8,6.3,4.2,Cap cai sayur,1,41.58000000000001
204,24.0,1.9,0.2,3.7,Carica papaya segar,1,36.63
205,460.0,0.8,18.7,17.2,Cassavastick,1,170.28000000000003
206,116.0,3.0,0.4,28.6,Cempedak,1,283.14000000000004
207,330.0,5.2,8.9,57.4,Cengkeh kering,0,568.26
208,332.0,11.0,3.3,73.0,Centel,0,722.7
209,462.0,1.2,20.7,67.7,Ceriping getuk singkong,0,670.2300000000001
210,168.0,13.0,9.6,7.5,Chicken teriyaki masakan,1,74.25
211,143.0,9.8,1.4,22.8,Chikiniku masakan,1,225.72000000000003
212,311.0,8.0,4.0,48.9,Coklat bubuk,1,484.11000000000007
213,472.0,2.0,29.8,62.7,Coklat Manis batang,0,620.7300000000001
214,504.0,5.5,52.9,29.2,Coklat Pahit batang,1,289.08000000000004
215,381.0,9.0,35.0,53.6,Coklat Susu batang,0,530.6400000000001
216,210.0,1.6,6.6,35.8,Combro ,1,354.42
217,241.0,16.0,25.0,0.0,Corned Beef,1,0.0
218,96.0,6.8,5.9,3.8,Coto mangkasara kuda masakan,1,37.62
219,84.0,6.0,6.0,1.4,Coto mangkasara sapi masakan,1,13.86
220,145.0,27.0,2.3,0.0,Cue Selar Kuning,1,0.0
221,12.0,0.1,0.1,5.0,Cuka,1,49.5
222,265.0,40.6,10.1,0.0,Cumi-cumi goreng,1,0.0
223,75.0,16.1,0.7,0.1,Cumi-cumi segar,1,0.9900000000000001
224,190.0,19.1,12.0,0.0,Daging Anak Sapi,1,0.0
225,191.0,32.0,6.0,0.0,Daging Asap,1,0.0
226,457.0,11.6,45.0,0.0,Daging Babi Gemuk,1,0.0
227,376.0,14.1,35.0,0.0,Daging Babi Kurus,1,0.0
228,206.0,17.1,14.8,0.0,Daging Domba,1,0.0
229,154.0,16.6,9.2,0.0,Daging Kambing,1,0.0
230,84.0,18.7,0.5,0.0,Daging Kerbau,1,0.0
231,118.0,18.1,4.1,0.9,Daging Kuda,1,8.91
232,207.0,18.8,14.0,0.0,Daging Sapi,1,0.0
233,27.0,1.3,0.6,4.0,Daun bangun-bangun segar,1,39.6
234,29.0,1.8,0.7,5.2,Daun Bawang,1,51.480000000000004
235,41.0,2.0,0.3,7.8,Daun bawang  merah segar,1,77.22
236,41.0,2.7,1.0,7.3,Daun bebuas segar,1,72.27000000000001
237,50.0,4.4,1.4,7.8,Daun belem segar,1,77.22
238,42.0,1.8,0.5,9.4,Daun Beluntas,1,93.06000000000002
239,122.0,6.0,1.0,26.0,Daun Cincau,1,257.40000000000003
240,60.0,3.1,0.3,14.0,Daun Gandaria,1,138.60000000000002
241,58.0,2.9,0.7,10.0,Daun gedi besar segar,1,99.0
242,30.0,1.3,0.7,5.8,Daun gelang segar,1,57.42
243,50.0,4.6,0.9,7.0,Daun gunda bali segar,1,69.30000000000001
244,62.0,4.2,0.9,9.2,Daun gunda serang segar,1,91.08
245,73.0,4.6,0.5,16.2,Daun Jambu Mete muda,1,160.38
246,34.0,3.8,0.5,5.3,Daun jampang segar,1,52.47
247,93.0,5.0,1.3,15.3,Daun jawaw seluang segar,1,151.47000000000003
248,27.0,2.1,0.7,4.4,Daun jonghe segar,1,43.56000000000001
249,36.0,2.9,0.6,6.8,Daun kacang ma segar,1,67.32000000000001
250,34.0,4.1,0.4,5.8,Daun Kacang Panjang,1,57.42
251,40.0,3.7,0.3,8.0,Daun Kacang Panjang kukus,1,79.2
252,30.0,3.1,0.3,5.8,Daun kacang panjang segar,1,57.42
253,92.0,4.0,3.6,10.9,Daun kasbi/singkong karet segar,1,107.91000000000003
254,59.0,4.8,1.0,11.0,Daun Katuk,1,108.9
255,53.0,5.3,0.9,9.1,Daun katuk rebus,1,90.09
256,59.0,6.4,1.0,9.9,Daun katuk segar,1,98.01
257,47.0,5.0,0.5,8.5,Daun Kecipir,1,84.15
258,59.0,2.8,0.3,13.4,Daun Kedondong,1,132.66000000000003
259,82.0,6.7,1.7,14.3,Daun Kelor,1,141.57000000000002
260,61.0,6.1,0.9,10.0,Daun Kelor rebus,1,99.0
261,46.0,4.0,0.5,8.9,Daun Kemangi,1,88.11000000000001
262,45.0,3.7,0.5,6.6,Daun kenikir segar,1,65.34
263,48.0,4.5,0.8,9.1,Daun kesum segar,1,90.09
264,22.0,2.1,0.5,3.6,Daun kol sawi segar,1,35.64
265,23.0,3.0,0.3,3.7,Daun Koro,1,36.63
266,51.0,2.5,1.1,8.0,Daun kubis segar,1,79.2
267,14.0,1.3,0.3,2.3,Daun Kumak,1,22.77
268,60.0,4.0,0.4,4.7,Daun Labu Siam,1,46.53000000000001
269,30.0,3.6,0.6,4.5,Daun Labu Waluh,1,44.550000000000004
270,87.0,8.3,1.8,14.4,Daun lamtoro segar,1,142.56
271,76.0,2.8,0.2,15.8,Daun leilem segar,1,156.42000000000002
272,45.0,4.7,0.5,8.1,Daun Leunca,1,80.19
273,30.0,2.3,0.4,5.8,Daun Lobak,1,57.42
274,40.0,3.0,0.8,7.4,Daun Lompong Tales,1,73.26
275,54.0,3.7,0.3,11.8,Daun Mangkokan,1,116.82000000000002
276,71.0,6.8,1.6,11.5,Daun matel ambon segar,1,113.85000000000001
277,99.0,5.0,1.3,21.3,Daun Melinjo,1,210.87000000000003
278,63.0,3.8,1.5,11.5,Daun Mengkudu Kukus,1,113.85000000000001
279,166.0,1.7,0.5,38.8,Daun ndusuk segar,1,384.12
280,22.0,1.0,0.1,5.3,Daun Oyong,1,52.47
281,22.0,1.0,0.1,5.3,Daun oyong segar,1,52.47
282,35.0,4.0,0.3,6.4,Daun Pakis,1,63.36000000000001
283,54.0,2.2,3.6,3.1,Daun pakis longgiho segar,1,30.690000000000005
284,39.0,4.5,0.4,6.9,Daun pakis segar,1,68.31
285,53.0,3.4,1.2,7.2,Daun pakis wambateu segar,1,71.28
286,29.0,3.4,0.1,6.5,Daun paku segar,1,64.35000000000001
287,104.0,3.9,0.6,17.9,Daun pangisegar,1,177.21
288,49.0,2.7,1.0,8.4,Daun pare segar,1,83.16000000000003
289,87.0,8.0,2.0,11.9,Daun pepaya segar,1,117.81000000000002
290,128.0,12.0,6.5,12.4,Daun Pete Cina,1,122.76000000000002
291,37.0,2.5,0.8,6.9,Daun Poh-pohan,1,68.31
292,301.0,14.2,10.9,49.0,Daun salam  bubuk,1,485.1
293,62.0,4.0,0.5,10.5,Daun selasih segar,1,103.95
294,45.0,4.4,8.0,0.5,Daun Semanggi,1,4.95
295,45.0,4.4,0.5,8.5,Daun semanggi segar,1,84.15
296,53.0,3.2,2.5,7.6,Daun simpur segar,1,75.24
297,68.0,2.0,1.0,15.2,Daun singkil segar,1,150.48
298,73.0,6.8,1.2,13.0,Daun Singkong,1,128.70000000000002
299,144.0,12.7,1.2,25.2,Daun singkong ambon segar,1,249.48000000000002
300,50.0,6.2,1.1,7.1,Daun singkong ampenan segar,1,70.29
301,74.0,6.3,0.7,10.7,Daun singkong kopang segar,1,105.92999999999999
302,55.0,4.0,0.5,8.5,Daun Singkong lodeh,1,84.15
303,31.0,3.7,0.6,4.8,Daun Singkong rebus,1,47.52
304,50.0,6.2,1.1,7.1,Daun singkong segar,1,70.29
305,36.0,2.6,0.9,6.1,Daun Sintrong,1,60.39
306,27.0,1.3,0.2,5.9,Daun talas rebus,1,58.41000000000001
307,59.0,3.0,0.4,13.5,Daun talas segar,1,133.65
308,71.0,4.1,2.1,12.3,Daun Tales,1,121.77000000000001
309,27.0,1.3,0.2,5.9,Daun Tales rebus,1,58.41000000000001
310,70.0,2.9,0.3,13.9,Daun tespong segar,1,137.61
311,47.0,2.8,0.4,10.4,Daun Ubi Jalar,1,102.96000000000001
312,56.0,3.1,0.3,13.0,Daun Ubi Jalar kukus,1,128.70000000000002
313,62.0,3.7,0.3,11.1,Daun ubi kuning segar,1,109.89000000000001
314,56.0,3.1,0.3,13.0,Daun ubi merah kukus,1,128.70000000000002
315,48.0,3.0,0.3,10.8,Daun ubi merah segar,1,106.92000000000002
316,46.0,2.8,0.2,8.2,Daun ubi putih segar,1,81.17999999999999
317,55.0,1.7,0.1,11.9,Daun ubi tinta segar,1,117.81000000000002
318,260.0,2.0,15.0,53.0,Deblo ,0,524.7
319,382.0,55.7,14.1,8.0,Dendeng belut goreng,1,79.2
320,433.0,55.0,9.0,0.0,Dendeng Daging Sapi,1,0.0
321,598.0,74.3,26.9,9.2,Dendeng mujahir goreng,1,91.08
322,77.0,13.8,1.9,0.7,Dideh darah ayam,1,6.93
323,104.0,21.9,1.1,0.0,Dideh darah sapi,1,0.0
324,248.0,10.0,2.3,40.9,Djibokum masakan,1,404.91
325,395.0,3.0,5.7,81.2,Dodol,0,803.8800000000001
326,298.0,3.7,2.1,65.9,Dodol bali,0,652.4100000000001
327,368.0,2.6,8.6,70.0,Dodol banjarmasin,0,693.0
328,348.0,0.4,3.8,76.1,Dodol galamai,0,753.39
329,331.0,1.9,7.6,63.8,Dodol kedondong,0,631.6200000000001
330,373.0,4.3,16.5,51.9,Dodol manado,0,513.8100000000001
331,17.5,3.3,2.3,39.5,Dodonkol ,1,391.05
332,317.0,15.7,27.7,0.0,Domba daging gemuk segar,1,0.0
333,202.0,17.1,14.8,0.0,Domba daging kurus  segar,1,0.0
334,100.0,16.6,3.3,1.0,Domba ginjal segar,1,9.9
335,63.0,1.0,0.2,16.1,Duku,1,159.39000000000004
336,134.0,2.5,3.0,28.0,Durian,1,277.20000000000005
337,80.0,0.5,0.6,18.2,Duwet segar,1,180.18
338,18.0,1.0,0.2,3.8,Eceng Gondok,1,37.62
339,98.0,1.4,0.2,25.4,Embacang,1,251.46
340,248.0,36.2,6.9,10.1,Empal (daging) Goreng masakan,1,99.99000000000001
341,590.0,18.5,57.0,0.0,Empal Goreng,1,0.0
342,345.0,12.0,1.5,71.5,Emping (kerupuk melinjo),0,707.85
343,403.0,10.6,2.2,85.3,Emping beras,0,844.47
344,355.0,17.8,4.6,60.7,Emping komak,0,600.9300000000001
345,122.0,3.5,4.5,17.5,Encung asam segar,1,173.25
346,538.0,13.6,30.3,52.6,Enting-enting gepuk hello kity,0,520.74
347,524.0,13.3,29.2,52.0,Enting-enting gepuk kacang tanah,0,514.8000000000001
348,565.0,18.2,38.4,36.8,Enting-enting wijen,1,364.32
349,70.0,0.6,0.0,18.9,Erbis,1,187.10999999999999
350,210.0,4.0,12.5,20.6,Es krim,1,203.94000000000003
351,156.7,3.0,1.7,32.7,Es Krim (Coconut milk) ,1,323.7300000000001
352,152.0,0.0,0.0,37.6,Es Mambo ,1,372.24000000000007
353,44.8,0.0,0.0,11.3,Es Sirup ,1,111.87000000000002
354,270.0,12.3,15.9,19.3,Fillet o-fish,1,191.07000000000005
355,322.0,2.4,0.6,76.6,Gadeng/Gadung kering,0,758.34
356,137.0,6.1,3.2,21.0,Gado-gado,1,207.9
357,88.0,0.8,0.3,20.9,Gadung kukus,1,206.91000000000003
358,101.0,2.1,0.2,23.2,Gadung mentah,1,229.68
359,88.0,0.6,0.3,20.9,Gadung ubi kukus,1,206.91000000000003
360,100.0,0.9,0.3,23.5,Gadung ubi segar,1,232.65
361,18.0,0.8,0.2,4.1,Gambas (Oyong),1,40.589999999999996
362,13.0,0.3,0.6,1.6,Gambas lodeh,1,15.840000000000002
363,68.0,0.7,0.1,18.0,Gandaria,1,178.20000000000002
364,100.0,0.8,0.2,23.8,Ganyong kukus,1,235.62000000000003
365,95.0,1.0,0.1,22.6,Ganyong mentah,1,223.74000000000004
366,100.0,0.8,0.2,23.8,Ganyong rebus,1,235.62000000000003
367,77.0,0.6,0.2,18.4,Ganyong segar,1,182.16
368,338.0,1.5,0.7,81.3,Gaplek,0,804.8700000000001
369,191.0,4.5,1.5,39.7,Gatep segar,1,393.0300000000001
370,347.0,1.3,0.7,83.8,Gatot,0,829.6200000000001
371,195.0,0.4,1.7,44.4,Geblek,1,439.56000000000006
372,389.0,0.0,0.0,91.0,Gelatine,0,900.9000000000001
373,95.0,1.5,0.1,22.4,Gembili,1,221.76
374,131.0,1.1,0.2,31.3,Gembili ubi segar,1,309.87000000000006
375,274.0,1.7,5.4,55.5,Gemblong,0,549.45
376,407.0,6.4,28.2,32.0,Gendar goreng,1,316.8
377,35.0,1.7,0.2,7.7,Genjer segar,1,76.23
378,350.0,1.4,14.4,53.6,Geplak,0,530.6400000000001
379,462.0,3.1,24.4,57.7,Geplak jahe,0,571.23
380,75.0,8.2,2.0,6.0,Gete kuah asam masakan,1,59.400000000000006
381,360.0,1.3,6.4,74.3,Getuk goreng,0,735.57
382,171.4,4.0,4.0,32.0,Getuk Lindri ,1,316.8
383,144.0,1.1,0.4,34.1,Getuk pisang,1,337.59000000000003
384,204.0,0.5,1.4,47.4,Getuk singkong,1,469.26
385,114.0,16.3,4.6,0.8,Ginjal Babi,1,7.920000000000001
386,105.0,16.6,3.3,1.0,Ginjal Domba,1,9.9
387,141.0,15.0,8.1,0.9,Ginjal Sapi,1,8.91
388,53.0,1.6,1.6,8.8,Gudeg ,1,87.12000000000002
389,160.0,3.3,9.2,16.0,Gudeg sayur,1,158.4
390,368.0,0.0,0.0,95.0,Gula Aren,0,940.5000000000001
391,386.0,3.0,10.0,76.0,Gula Kelapa,0,752.4000000000001
392,356.0,0.4,0.5,90.6,Gula Merah Tebu belum dimurnikan,0,896.9399999999999
393,394.0,0.0,0.0,94.0,Gula putih,0,930.6
394,52.0,10.0,0.5,1.8,Gulai asam keueung masakan,1,17.82
395,106.0,16.5,3.3,2.5,Gulai ikan masakan,1,24.75
396,148.0,10.0,9.8,5.0,Gulai ikan paya masakan,1,49.5
397,126.0,4.2,9.4,6.2,Gulai kambing,1,61.38000000000001
398,110.0,5.9,8.2,3.2,Gulai keumamah masakan,1,31.680000000000003
399,143.0,4.0,11.4,6.0,Gulai pakis,1,59.400000000000006
400,176.0,7.3,14.9,3.2,Gulai pliek,1,31.680000000000003
401,132.0,9.0,7.2,7.8,Gulai tiram masakan,1,77.22
402,192.0,12.7,10.1,12.7,Gurame asem manis masakan,1,125.73
403,218.0,0.5,2.5,48.5,Gurandil,1,480.15000000000003
404,389.0,16.9,35.0,0.3,Ham,1,2.97
405,65.0,10.0,1.0,3.5,Hangop,1,34.650000000000006
406,134.0,19.7,4.8,1.7,Hati Babi,1,16.830000000000002
407,136.0,19.7,3.2,6.0,Hati Sapi,1,59.400000000000006
408,390.0,14.2,7.4,68.2,Havermout,0,675.1800000000001
409,127.0,1.2,0.5,29.5,Hofa/Ubi hutan segar,1,292.05
410,146.0,17.7,5.9,5.6,Ikan asar merah masakan,1,55.44
411,380.0,33.6,27.5,0.0,Ikan Asin bilis goreng,1,0.0
412,456.0,46.5,24.4,0.0,Ikan Asin gabus goreng,1,0.0
413,348.0,18.7,29.5,0.0,Ikan Asin japuh goreng,1,0.0
414,193.0,42.0,1.5,0.0,Ikan Asin kering,1,0.0
415,430.0,58.2,23.6,0.0,Ikan Asin pari goreng,1,0.0
416,652.0,40.4,54.3,0.0,Ikan Asin pepetek goreng,1,0.0
417,319.0,6.9,31.7,0.0,Ikan Asin sirinding goreng,1,0.0
418,430.0,33.4,32.4,0.0,Ikan Asin teri goreng,1,0.0
419,198.0,19.0,13.0,0.0,Ikan Bader (Tawes),1,0.0
420,107.0,16.5,3.9,1.5,Ikan balong segar,1,14.850000000000001
421,112.0,20.0,1.3,3.7,Ikan bambangan segar,1,36.63
422,129.0,20.0,4.8,0.0,Ikan Bandeng,1,0.0
423,296.0,17.1,20.3,11.3,Ikan bandeng presto masakan,1,111.87000000000002
424,111.0,19.4,0.9,4.8,Ikan banjar segar,1,47.52
425,78.0,14.5,0.6,3.7,Ikan baronang segar,1,36.63
426,144.0,17.8,5.8,5.2,Ikan baung bakar,1,51.480000000000004
427,123.0,15.1,5.5,3.3,Ikan baung segar,1,32.67
428,96.0,19.0,1.7,0.0,Ikan Bawal,1,0.0
429,138.0,14.0,0.7,7.4,Ikan Bekasang,1,73.26
430,128.0,18.0,3.0,7.2,Ikan Belida bakar,1,71.28
431,80.0,14.7,1.4,2.2,Ikan Belida segar,1,21.780000000000005
432,417.0,25.9,19.4,32.0,Ikan Belut Segar goreng,1,316.8
433,82.0,6.7,1.0,10.9,Ikan Belut Segar mentah,1,107.91000000000003
434,66.0,14.0,0.0,0.0,Ikan Beunteur,1,0.0
435,90.0,14.9,2.5,2.1,Ikan biawan segar,1,20.790000000000006
436,88.0,14.2,0.7,6.2,Ikan bili segar,1,61.38000000000001
437,100.0,14.7,2.4,4.9,Ikan bubara segar,1,48.510000000000005
438,134.0,25.5,1.3,5.0,Ikan bulan-bulan segar,1,49.5
439,204.0,34.2,5.6,1.9,Ikan cakalang asap mentah,1,18.81
440,198.0,36.5,2.2,5.5,Ikan cakalang asin mentah,1,54.45
441,120.0,11.3,3.9,10.0,Ikan cakalang hati segar,1,99.0
442,116.0,11.2,1.2,10.2,Ikan cakalang jantung segar,1,100.98
443,86.0,10.2,1.1,8.7,Ikan cakalang perut segar,1,86.13
444,107.0,19.6,0.7,5.5,Ikan cakalang segar,1,54.45
445,81.0,11.4,1.9,3.8,Ikan calo/ peda mentah,1,37.62
446,101.0,11.5,4.1,4.6,Ikan daun segar,1,45.54
447,109.0,17.0,4.0,0.0,Ikan Ekor Kuning,1,0.0
448,261.0,38.1,2.3,21.9,Ikan Gabus asap mentah,1,216.81
449,292.0,58.0,4.0,0.0,Ikan Gabus kering,1,0.0
450,74.0,25.2,1.7,0.0,Ikan Gabus segar,1,0.0
451,267.0,23.1,19.4,0.2,Ikan gete goreng,1,1.9800000000000002
452,101.0,10.3,3.7,6.7,Ikan hitam segar,1,66.33000000000001
453,298.0,46.3,3.6,20.2,Ikan hiu kering,1,199.98000000000002
454,57.0,10.7,0.3,2.2,Ikan hiu segar,1,21.780000000000005
455,77.0,15.6,0.9,1.6,Ikan kacangan segar,1,15.840000000000002
456,92.0,20.0,0.7,0.0,Ikan kakap segar,1,0.0
457,82.0,11.4,1.2,6.4,Ikan kakatua segar,1,63.36000000000001
458,132.0,17.0,6.7,0.8,Ikan kapar segar,1,7.920000000000001
459,162.0,31.7,2.8,0.3,Ikan katombo asin,1,2.97
460,110.0,12.6,4.2,5.4,Ikan kawalinya segar,1,53.46000000000001
461,302.0,70.7,1.9,0.4,Ikan kayu kering,1,3.9600000000000004
462,103.0,22.0,1.0,0.0,Ikan Kembung,1,0.0
463,70.0,10.8,0.7,5.2,Ikan kima segar,1,51.480000000000004
464,147.0,17.5,6.5,5.4,Ikan Lais bakar,1,53.46000000000001
465,109.0,22.0,1.7,0.0,Ikan Layang,1,0.0
466,82.0,18.0,1.0,0.4,Ikan layur segar,1,3.9600000000000004
467,90.0,20.4,0.9,0.0,Ikan lehoma segar,1,0.0
468,252.0,19.9,19.1,0.0,Ikan Lele goreng,1,0.0
469,112.0,20.0,3.0,0.0,Ikan Lemuru,1,0.0
470,104.0,15.6,3.2,2.0,Ikan lidah segar,1,19.8
471,258.0,40.3,2.3,18.9,Ikan lomak asin mentah,1,187.10999999999999
472,99.0,20.6,1.4,0.9,Ikan malalugis segar,1,8.91
473,86.0,16.0,2.0,0.0,Ikan Mas,1,0.0
474,188.0,19.3,12.2,0.0,Ikan Mas goreng,1,0.0
475,209.0,15.2,11.3,11.8,Ikan Mas pepes,1,116.82000000000002
476,97.0,17.9,2.0,0.4,Ikan mayong segar,1,3.9600000000000004
477,598.0,74.3,26.9,9.2,Ikan Mujair dendeng goreng,1,91.08
478,582.0,68.3,15.2,37.2,Ikan Mujair dendeng mentah,1,368.2800000000001
479,416.0,46.9,23.9,0.0,Ikan Mujair goreng,1,0.0
480,121.0,21.7,2.8,0.8,Ikan Mujair pepes,1,7.920000000000001
481,89.0,18.7,1.0,0.0,Ikan Mujair segar,1,0.0
482,154.0,16.8,5.0,10.5,Ikan nasu metti segar,1,103.95
483,125.0,21.3,3.4,2.2,Ikan oci kembung segar,1,21.780000000000005
484,152.0,17.6,6.1,6.7,Ikan Papuyu bakar,1,66.33000000000001
485,120.0,14.3,4.9,4.6,Ikan papuyu/ betok segar,1,45.54
486,144.0,17.5,6.3,4.3,Ikan Patin bakar,1,42.57000000000001
487,132.0,17.0,6.6,1.1,Ikan Patin segar,1,10.890000000000002
488,156.0,28.0,4.0,2.0,Ikan peda banjar mentah,1,19.8
489,176.0,32.0,4.4,0.0,Ikan Pepetek,1,0.0
490,157.0,28.0,4.2,1.8,Ikan Pindang banjar mentah,1,17.82
491,170.0,31.0,4.2,0.0,Ikan Pindang benggol mentah,1,0.0
492,153.0,30.0,2.8,0.0,Ikan Pindang layang mentah,1,0.0
493,142.0,27.0,3.0,0.0,Ikan Pindang selar mentah,1,0.0
494,415.0,61.3,17.6,2.9,Ikan sale lais mentah,1,28.71
495,534.0,40.2,39.3,4.9,Ikan Sale segar,1,48.510000000000005
496,284.0,34.1,9.9,14.6,Ikan saluang kering mentah,1,144.54000000000002
497,113.0,13.9,4.9,3.4,Ikan saluang segar,1,33.660000000000004
498,240.0,21.7,7.7,20.7,Ikan sanggang masakan,1,204.93
499,109.0,19.9,1.8,3.4,Ikan sarden segar,1,33.660000000000004
500,113.0,17.0,4.5,0.0,Ikan Segar,1,0.0
501,194.0,38.0,3.5,0.0,Ikan Selar kering,1,0.0
502,138.0,27.0,3.3,0.0,Ikan selar kuning cue mentah,1,0.0
503,100.0,18.8,2.2,0.0,Ikan selar segar,1,0.0
504,289.0,38.0,14.0,0.0,Ikan Sepat kering,1,0.0
505,84.0,15.2,0.6,4.7,Ikan sepat segar,1,46.53000000000001
506,81.0,11.4,1.9,3.8,Ikan sidat segar,1,37.62
507,199.0,34.1,3.8,7.1,Ikan sunu asin mentah,1,70.29
508,111.0,13.3,3.4,6.7,Ikan sunu segar,1,66.33000000000001
509,88.0,15.9,0.9,4.1,Ikan tahuman segar,1,40.589999999999996
510,96.0,19.5,1.1,2.0,Ikan tarmon segar,1,19.8
511,95.0,15.8,0.7,6.5,Ikan telan segar,1,64.35000000000001
512,358.0,20.7,26.4,9.4,Ikan telur asin mentah,1,93.06000000000002
513,204.0,16.0,15.0,0.0,Ikan Tembang,1,0.0
514,101.0,15.1,4.1,1.0,Ikan tempahas segar,1,9.9
515,316.0,60.1,6.5,22.4,Ikan tepung mentah,1,221.76
516,98.0,19.6,1.7,1.0,Ikan terbang segar,1,9.9
517,277.0,60.0,2.3,1.8,Ikan Teri bubuk,1,17.82
518,170.0,33.4,3.0,0.0,Ikan Teri kering,1,0.0
519,331.0,68.7,4.2,0.0,Ikan Teri Kering tawar,1,0.0
520,144.0,32.5,0.6,0.0,Ikan Teri Nasi kering,1,0.0
521,74.0,10.3,1.4,4.1,Ikan teri segar,1,40.589999999999996
522,347.0,48.8,6.4,19.6,Ikan Teri tepung,1,194.04000000000002
523,82.0,17.4,0.4,2.3,Ikan titang segar,1,22.77
524,100.0,13.7,1.5,8.0,Ikan tongkol segar,1,79.2
525,96.0,19.2,2.0,0.2,Ikan turi segar,1,1.9800000000000002
526,474.0,7.6,21.6,62.3,Intip goreng,0,616.77
527,496.0,30.3,33.5,18.4,Itik alabio daging dendeng mentah,1,182.16
528,156.0,2.7,1.3,33.3,Jagung grontol,1,329.67
529,361.0,8.7,4.5,72.4,Jagung Kuning giling,0,716.7600000000001
530,129.0,4.1,1.3,30.3,Jagung Kuning muda,1,299.97
531,307.0,7.9,3.4,63.6,Jagung Kuning pipil baru,0,629.6400000000001
532,366.0,9.8,7.3,69.1,Jagung kuning pipil kering mentah,0,684.09
533,355.0,9.2,3.9,73.7,Jagung Kuning pipil lama,0,729.6300000000001
534,154.0,3.8,3.5,28.4,Jagung kuning pipil rebus,1,281.16
535,140.0,4.7,1.3,33.1,Jagung Kuning segar,1,327.69000000000005
536,355.0,9.2,3.9,73.7,Jagung kuning tepung,0,729.6300000000001
537,35.0,2.2,0.1,7.4,Jagung muda,1,73.26
538,147.0,5.1,0.7,31.5,Jagung muda kuning mentah,1,311.85
539,142.0,5.0,0.7,30.3,Jagung muda rebus,1,299.97
540,367.0,6.2,5.1,76.2,Jagung pipil var. harapan kering,0,754.3800000000001
541,368.0,5.5,4.6,78.0,Jagung pipil var. metro kering,0,772.2
542,361.0,8.7,4.5,72.4,Jagung Putih giling,0,716.7600000000001
543,129.0,4.1,1.3,30.3,Jagung Putih muda,1,299.97
544,307.0,7.9,3.4,63.6,Jagung Putih pipil baru,0,629.6400000000001
545,355.0,9.2,3.9,73.7,Jagung Putih pipil lama,0,729.6300000000001
546,140.0,4.7,1.3,33.1,Jagung Putih segar,1,327.69000000000005
547,175.0,1.8,1.8,35.0,Jagung Rebus ,1,346.5
548,148.9,10.4,10.4,20.1,Jagung Sayur (tumis) ,1,198.99000000000004
549,374.0,9.4,2.2,79.1,Jagung titi,0,783.09
550,51.0,1.5,1.0,10.1,Jahe,1,99.99000000000001
551,289.0,11.0,4.0,61.0,Jali,0,603.9000000000001
552,239.0,0.5,0.6,64.5,Jam selai,0,638.5500000000001
553,286.0,48.5,9.2,2.3,Jambal goreng,1,22.77
554,46.0,0.6,0.0,11.8,Jambu Air,1,116.82000000000002
555,49.0,0.9,0.3,12.2,Jambu Biji,1,120.78
556,61.0,0.9,0.3,15.4,Jambu biji putih tidak berbiji,1,152.46
557,56.0,0.6,0.3,14.2,Jambu Bol,1,140.58
558,64.0,0.7,0.6,15.8,Jambu Monyet buah,1,156.42000000000002
559,350.0,6.2,1.4,78.2,Jampang huma mentah,0,774.1800000000001
560,45.0,2.5,3.9,0.0,Jamur Coklat (kulat siau),1,0.0
561,296.0,9.4,1.1,62.0,Jamur encik,0,613.8000000000001
562,294.0,16.0,0.9,64.6,Jamur kuping kering,0,639.54
563,21.0,3.8,0.6,0.9,Jamur kuping segar,1,8.91
564,30.0,3.5,0.2,4.0,Jamur merang segar,1,39.6
565,48.0,2.8,4.1,2.9,Jamur Putih (kulat putih),1,28.71
566,48.0,1.9,3.2,2.8,Jamur sagu,1,27.72
567,30.0,1.9,0.1,5.5,Jamur tiram segar,1,54.45
568,107.0,5.3,2.2,16.5,Jangang bintatoeng masakan,1,163.35000000000002
569,31.0,1.2,0.3,7.1,Jantung Pisang segar,1,70.29
570,500.0,1.2,25.1,67.3,Japilus,0,666.27
571,48.0,2.5,4.2,0.0,Jaruk Tigarun,1,0.0
572,334.0,9.7,3.5,73.4,Jawawut,0,726.6600000000001
573,381.7,9.5,9.5,65.8,Jenang ,0,651.4200000000001
574,192.0,5.4,0.3,40.7,Jengkol segar,1,402.93000000000006
575,48.0,0.6,0.2,12.4,Jeruk Bali,1,122.76000000000002
576,61.0,0.8,0.2,14.1,Jeruk banjar segar,1,139.59
577,44.0,0.8,0.3,10.9,Jeruk Garut,1,107.91000000000003
578,39.0,0.3,0.3,8.9,Jeruk Kalamansi segar,1,88.11000000000001
579,45.0,0.9,0.2,11.2,Jeruk Manis,1,110.88
580,37.0,0.8,0.1,12.3,Jeruk Nipis,1,121.77000000000001
581,49.0,0.7,0.2,11.1,Jeruk ragi segar,1,109.89000000000001
582,32.0,1.9,0.3,7.1,Jotang,1,70.29
583,15.0,15.2,4.3,8.8,Jukku pallu kaloa masakan,1,87.12000000000002
584,130.0,6.7,0.3,25.2,Kabau segar,1,249.48000000000002
585,133.0,1.0,0.2,32.2,Kaburan ubi segar,1,318.7800000000001
586,250.0,2.6,2.5,35.4,Kabuto,1,350.46000000000004
587,356.0,20.5,4.1,61.6,Kacang Andong,0,609.84
588,330.0,23.8,1.4,60.2,Kacang Arab,0,595.9800000000001
589,533.0,27.8,38.1,28.8,Kacang atom,1,285.12
590,341.0,30.4,3.2,51.3,Kacang babi kering,0,507.87
591,400.0,34.4,16.9,34.1,Kacang belimbing (kecipir) kering,1,337.59000000000003
592,204.0,16.9,8.8,17.5,Kacang Belimbing rebus,1,173.25
593,212.0,17.5,10.0,12.9,Kacang Belimbing tempe,1,127.71000000000001
594,118.0,4.4,1.5,21.6,Kacang beracun segar,1,213.84000000000003
595,479.0,12.7,23.2,58.9,Kacang Bogor goreng,0,583.11
596,370.0,16.0,6.0,65.0,Kacang bogor kering,0,643.5
597,161.0,7.7,2.8,27.1,Kacang Bogor rebus,1,268.29
598,165.0,7.7,3.1,27.4,Kacang bogor segar,1,271.26
599,331.0,25.0,1.0,58.0,Kacang Endel biji,0,574.2
600,129.0,12.4,0.7,18.3,Kacang ercis segar,1,181.17000000000002
601,336.0,23.1,1.7,59.5,kacang galing segar,0,589.0500000000001
602,516.0,14.7,31.1,44.4,Kacang goyang,1,439.56000000000006
603,336.0,20.7,1.4,62.0,Kacang Gude biji,0,613.8000000000001
604,316.0,20.7,1.0,58.0,Kacang gude biji kering,0,574.2
605,114.0,7.0,0.6,20.8,Kacang Gude biji muda,1,205.92000000000002
606,123.0,8.4,0.6,1.8,Kacang Gude muda,1,17.82
607,147.0,9.0,0.5,27.5,Kacang gude rebus,1,272.25000000000006
608,323.0,22.9,1.5,56.8,Kacang hijau kering,0,562.32
609,109.0,8.7,0.5,18.3,kacang hijau rebus,1,181.17000000000002
610,350.0,17.1,1.8,70.7,Kacang hijau var. bakti kering,0,699.9300000000001
611,339.0,20.8,2.1,64.6,Kacang hijau var. siwalik kering,0,639.54
612,346.0,16.6,1.7,66.1,Kacang hitam kering,0,654.39
613,345.0,22.2,1.2,62.9,Kacang Ijo,0,622.71
614,445.0,11.0,11.0,65.5,Kacang Kapri Goreng ,0,648.45
615,98.0,6.7,0.4,17.7,Kacang Kapri muda,1,175.23000000000002
616,286.0,30.2,15.6,30.1,Kacang Kedelai basah,1,297.99000000000007
617,521.0,32.2,37.7,22.9,Kacang kedelai goreng,1,226.71
618,381.0,40.4,16.7,24.9,Kacang kedelai kering,1,246.51
619,75.0,4.1,2.1,10.7,Kacang Kedelai kukus,1,105.92999999999999
620,189.0,20.2,8.2,12.7,Kacang kedelai rebus,1,125.73
621,286.0,30.2,15.6,30.1,Kacang kedelai segar,1,297.99000000000007
622,327.0,16.4,4.3,55.8,Kacang komak segar,0,552.4200000000001
623,355.0,17.0,2.5,66.0,Kacang kuning kering,0,653.4000000000001
624,346.0,16.5,1.5,66.6,Kacang lebui /iris kering,0,659.34
625,22.0,1.1,1.0,3.4,Kacang mekah polong segar,1,33.660000000000004
626,344.0,16.7,2.1,64.6,Kacang mentega kering,0,639.54
627,336.0,23.1,1.7,59.5,Kacang Merah,0,589.0500000000001
628,350.0,13.9,3.0,66.9,Kacang merah /banda kering,0,662.3100000000002
629,314.0,22.1,1.1,56.2,Kacang merah kering,0,556.3800000000001
630,158.0,10.3,0.9,28.2,Kacang Merah kering rebus,1,279.18
631,171.0,11.0,2.2,28.0,Kacang merah segar,1,277.20000000000005
632,144.0,10.0,1.0,24.7,Kacang Merah segar rebus,1,244.53000000000003
633,280.0,16.7,1.6,63.2,Kacang merah tua kering,0,625.6800000000001
634,629.0,20.4,56.3,19.8,Kacang mete/biji jambu monyet goreng,1,196.02
635,616.0,16.3,48.4,28.7,Kacang mete/biji jambu monyet segar,1,284.13
636,480.0,18.4,19.1,58.5,Kacang negara,0,579.1500000000001
637,44.0,2.7,0.3,7.8,Kacang Panjang,1,77.22
638,357.0,17.3,1.5,70.0,Kacang Panjang biji,0,693.0
639,39.0,3.0,0.6,7.6,Kacang Panjang kukus,1,75.24
640,150.0,2.5,12.5,7.0,Kacang Panjang tumis,1,69.30000000000001
641,37.0,3.1,0.2,7.9,Kacang ranti polong,1,78.21000000000001
642,484.0,8.8,26.1,57.7,Kacang sukro,0,571.23
643,488.0,25.6,25.6,59.6,Kacang Sukro Putih ,0,590.04
644,535.0,27.8,38.1,28.8,Kacang Tanah atom,1,285.12
645,564.0,25.5,44.4,25.5,Kacang tanah goreng,1,252.45000000000002
646,561.0,25.5,43.8,26.0,Kacang Tanah kacang sari,1,257.40000000000003
647,525.0,27.9,42.7,17.4,Kacang tanah kering,1,172.26
648,385.0,14.0,31.0,13.0,Kacang Tanah Rebus ,1,128.70000000000002
649,360.0,13.5,31.2,12.8,Kacang Tanah rebus berkulit,1,126.72000000000001
650,513.0,17.5,32.5,44.3,Kacang Tanah rempeyek,1,438.57000000000005
651,569.0,28.8,48.4,15.8,Kacang Tanah sangan berselaput,1,156.42000000000002
652,559.0,26.9,44.2,23.6,Kacang tanah sangan tanpa selaput,1,233.64000000000004
653,561.0,25.5,43.8,26.0,Kacang tanah sari,1,257.40000000000003
654,748.0,20.8,20.8,124.8,Kacang Telur ,0,1235.52
655,331.0,24.4,1.9,56.6,Kacang tolo / tunggak kering,0,560.34
656,138.0,10.7,1.1,22.6,Kacang tolo rebus,1,223.74000000000004
657,342.0,22.9,1.4,61.6,Kacang Tunggak (tolo),0,609.84
658,138.0,10.7,1.1,22.6,Kacang Tunggak rebus,1,223.74000000000004
659,451.0,11.2,20.2,59.7,Kacang Tunggak rempeyek,0,591.03
660,351.0,12.2,1.2,72.9,Kacang tunis kering,0,721.7100000000002
661,358.0,23.4,2.4,60.6,Kacang uci kering,0,599.94
662,354.0,12.8,1.8,69.3,Kacang urei kering,0,686.07
663,110.0,4.5,6.9,7.1,Kadada katembe,1,70.29
664,413.0,28.7,19.8,29.8,Kaholeo masakan,1,295.02
665,92.0,20.0,0.7,0.0,Kakap,1,0.0
666,66.0,2.8,6.8,3.4,Kalakai,1,33.660000000000004
667,163.0,16.5,9.0,4.1,Kalio jeroan masakan,1,40.589999999999996
668,122.0,13.8,5.7,3.9,Kalio kikil (tunjang) masakan,1,38.61
669,157.0,8.1,8.8,11.4,Kalio otak masakan,1,112.86000000000001
670,193.0,10.6,12.4,9.7,Kalio telur masakan,1,96.03
671,149.0,16.6,9.2,0.0,Kambing daging segar,1,0.0
672,164.0,3.0,2.4,32.6,Kambose,1,322.74000000000007
673,29.0,3.0,0.3,5.4,Kangkung,1,53.46000000000001
674,30.0,3.2,0.7,4.7,Kangkung kukus,1,46.53000000000001
675,22.0,2.5,0.6,3.1,Kangkung rebus,1,30.690000000000005
676,43.0,1.8,0.2,8.4,Kangkung tondano,1,83.16000000000003
677,52.0,1.8,3.6,3.0,Kangkung tumis,1,29.700000000000003
678,38.0,2.4,2.0,2.6,Kaparende sayur,1,25.740000000000002
679,42.0,3.3,0.2,9.6,Kapri Muda,1,95.04
680,41.0,2.0,0.3,7.8,Kapurung,1,77.22
681,158.0,4.4,3.2,27.8,Kapusa,1,275.22
682,25.0,2.3,0.2,3.5,Karawila,1,34.650000000000006
683,146.7,5.9,5.9,19.7,Karedok ,1,195.03000000000003
684,92.0,2.2,3.3,14.1,Karedok sayur,1,139.59
685,292.0,11.2,11.2,2.8,Karoket ,1,27.72
686,73.0,16.4,0.3,0.0,Katak,1,0.0
687,275.0,12.6,14.8,54.6,Katul Beras,0,540.5400000000001
688,356.0,9.0,8.5,64.5,Katul Jagung,0,638.5500000000001
689,120.0,3.5,2.5,20.8,Kawista segar,1,205.92000000000002
690,46.0,5.7,1.3,9.0,Kecap,1,89.10000000000001
691,464.0,1.2,18.6,73.0,Kecimpring singkong goreng,0,722.7
692,405.0,32.8,17.0,36.5,Kecipir biji,1,361.35
693,35.0,2.9,0.2,0.8,Kecipir buah muda,1,7.920000000000001
694,32.0,2.9,0.2,5.8,Kecipir muda segar,1,57.42
695,34.0,0.9,1.0,6.7,Kecombrang segar,1,66.33000000000001
696,47.0,0.5,0.2,10.4,Kedondong segar ,1,102.96000000000001
697,326.0,22.8,20.3,13.1,Keju,1,129.69
698,590.0,27.0,49.0,20.9,Keju Kacang Tanah,1,206.91000000000003
699,623.0,2.0,52.1,36.5,Kelapa hutan kering,1,361.35
700,17.0,0.2,0.1,3.8,Kelapa Muda air,1,37.62
701,68.0,1.0,0.9,14.0,Kelapa Muda daging,1,138.60000000000002
702,180.0,4.0,15.0,10.0,Kelapa Setengah Tua daging,1,99.0
703,359.0,3.4,34.7,14.0,Kelapa Tua daging,1,138.60000000000002
704,214.0,5.4,5.4,40.2,Kelepon ,1,397.9800000000001
705,111.0,1.5,0.3,27.2,Kelewih,1,269.28000000000003
706,142.0,16.9,7.8,0.0,Kelinci daging segar,1,0.0
707,48.0,1.0,0.2,11.9,Kemang,1,117.81000000000002
708,380.0,48.9,13.8,23.3,Kembang tahu,1,230.67000000000002
709,44.0,1.8,0.6,9.6,Kembang Turi,1,95.04
710,636.0,19.0,63.0,8.0,Kemiri,1,79.2
711,657.0,15.0,66.0,13.0,Kenari,1,128.70000000000002
712,616.0,13.9,56.2,13.7,Kenari banda kering,1,135.63
713,83.0,2.0,0.1,19.1,Kentang,1,189.09
714,142.0,0.9,0.4,33.7,Kentang Hitam,1,333.63000000000005
715,64.0,12.0,1.0,2.0,Keong,1,19.8
716,204.0,2.6,20.0,4.0,Kepala Susu (Krim),1,39.6
717,151.0,13.8,3.8,14.1,Kepiting,1,139.59
718,59.0,18.0,1.1,3.6,Kerang,1,35.64
719,393.0,38.9,13.3,29.4,Kerang asap mentah,1,291.06000000000006
720,357.0,41.1,10.0,25.6,Kerang dendeng mentah,1,253.44000000000003
721,79.0,18.7,0.5,0.0,Kerbau daging segar,1,0.0
722,475.0,1.6,25.5,64.4,Keremes,0,637.5600000000002
723,137.0,1.3,1.1,29.8,Keribang ubi segar,1,295.02
724,586.0,4.9,40.6,50.2,Keripik bayam,0,496.9800000000001
725,446.0,2.8,14.5,76.0,Keripik gadung,0,752.4000000000001
726,448.0,2.7,18.8,67.1,Keripik kentang,0,664.29
727,485.0,1.7,22.2,69.7,Keripik lampung,0,690.0300000000002
728,598.0,8.3,43.8,42.6,Keripik oncom,1,421.74000000000007
729,478.0,0.9,20.7,72.0,Keripik singkong,0,712.8000000000001
730,481.0,2.2,19.7,73.6,Keripik singkong berbumbu,0,728.64
731,581.0,12.1,40.6,41.7,Keripik tempe,1,412.83000000000004
732,542.0,40.3,42.4,11.6,Keripik tempe abadi murni,1,114.84
733,510.0,12.3,27.9,52.4,Keripik tempe abadi sedang,0,518.76
734,529.0,20.8,31.7,40.2,Keripik tempe abadi telur,1,397.9800000000001
735,486.0,0.2,23.9,67.6,Keripik ubi,0,669.24
736,26.0,1.7,0.4,3.8,Kerokot segar,1,37.62
737,350.0,0.5,0.2,85.9,Kerupuk Aci,0,850.4100000000001
738,444.0,6.9,14.6,71.3,Kerupuk cumi goreng,0,705.8700000000001
739,342.0,16.0,0.4,65.6,Kerupuk Ikan berpati,0,649.4399999999999
740,325.0,1.8,0.4,78.5,Kerupuk kemplang  (ikan) mentah,0,777.1500000000001
741,504.0,5.6,28.1,57.1,Kerupuk kemplang goreng,0,565.2900000000001
742,356.0,9.7,1.1,76.9,Kerupuk kemplang panggang,0,761.3100000000002
743,422.0,83.0,4.0,0.0,Kerupuk Kulit kerbau,1,0.0
744,345.0,12.0,1.5,71.5,Kerupuk Melinjo mentah,0,707.85
745,431.0,11.1,16.2,63.0,Kerupuk Melinjo tebal goreng asin,0,623.7
746,439.0,10.0,16.4,65.7,Kerupuk Melinjo tebal goreng manis,0,650.4300000000001
747,485.0,11.5,24.5,59.1,Kerupuk Melinjo tipis goreng,0,585.09
748,476.0,0.1,21.1,71.3,Kerupuk mie kuning goreng,0,705.8700000000001
749,46.7,17.3,17.3,81.3,Kerupuk Sayong ,0,804.8700000000001
750,340.0,30.0,30.0,52.0,Kerupuk Udang ,0,514.8000000000001
751,359.0,17.2,68.2,332.0,Kerupuk Udang berpati,0,3286.8
752,477.0,4.7,20.5,68.5,Kerupuk udang goreng,0,678.1500000000001
753,588.0,53.7,40.9,1.2,Kerupuk urat,1,11.88
754,78.0,0.8,0.4,20.0,Kesemek,1,198.0
755,181.0,4.0,1.2,37.3,Ketan hitam matang,1,369.27
756,163.0,3.0,0.4,35.7,Ketan putih matang,1,353.43
757,340.0,11.0,11.0,54.0,Ketapang ,0,534.6
758,157.0,0.8,0.3,37.9,Ketela Pohon Kuning,1,375.21000000000004
759,154.0,1.0,0.3,36.8,Ketela singkong segar,1,364.32
760,153.0,1.2,0.3,36.4,Ketela pohon/singkong kukus,1,360.36
761,12.0,0.7,0.1,2.7,Ketimun,1,26.730000000000004
762,9.0,0.5,0.1,1.9,Ketimun madura segar,1,18.81
763,153.0,7.9,7.7,13.0,Ketoprak,1,128.70000000000002
764,404.0,14.1,16.1,54.2,Ketumbar,0,536.58
765,212.0,4.0,4.6,38.6,Ketupat ketan,1,382.1400000000001
766,109.6,2.6,2.6,18.6,Ketupat Tahu ,1,184.14000000000004
767,310.0,10.0,24.0,13.5,Kluwek,1,133.65
768,73.0,16.4,0.3,0.0,Kodok segar,1,0.0
769,86.0,1.6,0.2,13.0,Kokosan,1,128.70000000000002
770,99.0,3.3,0.1,21.2,Komak polong segar,1,209.88
771,25.0,2.4,0.2,4.9,Kool Kembang,1,48.510000000000005
772,24.0,1.4,0.2,5.3,Kool Merah kool putih,1,52.47
773,352.0,17.4,1.3,69.0,Kopi bagian yang larut,0,683.1
774,129.0,12.3,0.5,35.0,Kopi bubuk instant,1,346.5
775,356.0,20.5,4.1,61.6,Koro andong kering,0,609.84
776,332.0,24.0,3.0,55.0,Koro Benguk biji,0,544.5000000000001
777,141.0,10.2,1.3,23.2,Koro Benguk tempe,1,229.68
778,125.0,8.3,0.7,22.1,Koro Kerupuk biji,1,218.79000000000002
779,33.0,2.7,0.2,7.9,Koro Loke biji,1,78.21000000000001
780,344.0,12.5,2.1,69.4,Koro Roway biji,0,687.0600000000002
781,338.0,22.2,1.5,61.0,Koro Wedus biji,0,603.9000000000001
782,38.0,3.0,0.3,7.9,Koro Wedus buah muda,1,78.21000000000001
783,46.0,3.0,0.3,7.9,Koro wedus polong,1,78.21000000000001
784,46.0,2.2,1.5,6.0,Kotiu hinela tawang nggole,1,59.400000000000006
785,366.0,4.2,4.3,77.5,Koya,0,767.25
786,370.0,8.0,1.0,82.2,Koya mirasa,0,813.7800000000002
787,315.0,2.1,1.4,73.5,Kranji segar,0,727.6500000000001
788,542.0,40.3,42.4,11.5,Kripik Tempe Goreng ,1,113.85000000000001
789,21.0,1.7,0.4,3.8,Krokot,1,37.62
790,45.0,2.2,0.3,10.3,Kucai,1,101.97000000000001
791,42.0,3.8,0.6,7.8,Kucai Muda (Lokio),1,77.22
792,113.0,18.1,4.1,0.9,Kuda daging segar,1,8.91
793,440.0,3.8,18.5,64.5,Kue ali,0,638.5500000000001
794,186.7,1.6,1.6,39.6,Kue Apem ,1,392.04
795,338.0,1.5,1.2,80.3,Kue bangket,0,794.97
796,240.0,1.0,4.0,54.0,Kue Bugis ,0,534.6
797,425.0,1.6,8.8,84.6,Kue jahe,0,837.54
798,591.0,5.6,42.1,47.5,Kue kelapa,1,470.25000000000006
799,366.0,4.2,4.3,7.9,Kue Koya ,1,78.21000000000001
800,291.0,3.6,11.1,44.1,Kue lumpur,1,436.59000000000003
801,182.0,1.0,1.0,40.4,Kue mangkok ,1,399.96000000000004
802,126.7,0.7,0.7,57.3,Kue Pacar Cina ,0,567.27
803,296.0,1.4,1.4,66.4,Kue Pia ,0,657.36
804,304.0,5.3,7.0,54.9,Kue putu cangkir,0,543.51
805,217.0,1.2,0.5,53.2,Kue putu singkong,0,526.6800000000001
806,393.3,2.7,2.7,79.3,Kue Satu ,0,785.07
807,380.0,1.0,1.0,92.0,Kue Semprong ,0,910.8000000000001
808,221.0,7.5,10.2,24.8,Kue sus,1,245.52000000000004
809,180.0,5.0,5.0,32.0,Kue Talam ,1,316.8
810,512.0,26.0,26.0,60.4,Kue Tambang ,0,597.96
811,247.0,2.9,4.2,49.5,Kue thipan,1,490.05
812,111.0,4.5,1.1,20.7,Kulit melinjo,1,204.93
813,22.0,0.4,0.2,4.7,Kundur segar,1,46.53000000000001
814,63.0,2.0,2.7,9.1,Kunyit,1,90.09
815,83.0,19.1,0.2,0.0,Kura-kura,1,0.0
816,515.0,30.6,42.1,13.8,Kwaci,1,136.62
817,242.0,19.0,17.0,3.0,Kwark (Quark),1,29.700000000000003
818,17.0,0.6,0.2,3.8,Labu Air,1,37.62
819,51.0,1.7,0.5,10.0,Labu kuning segar,1,99.0
820,26.0,0.6,0.1,6.7,Labu Siam,1,66.33000000000001
821,32.0,1.1,0.1,6.6,Labu waluh segar,1,65.34
822,166.3,2.7,3.9,29.5,Laksa ,1,292.05
823,85.0,5.7,0.3,15.4,Lamtoro (pete cina) biji muda,1,152.46
824,148.0,10.6,0.5,26.2,Lamtoro biji tua,1,259.38
825,142.0,11.0,2.5,20.4,Lamtoro tempe,1,201.96
826,367.0,46.4,5.4,32.5,Lamtoro var. gung tanpa kulit,1,321.75
827,336.0,23.8,1.2,59.7,Lamtoro var. lokal dengan kulit,0,591.03
828,56.0,0.9,0.2,14.3,Langsat,1,141.57000000000002
829,34.0,2.2,0.3,5.5,Lantar segar,1,54.45
830,422.0,0.9,10.8,80.4,Lanting getuk,0,795.9600000000002
831,389.0,6.6,15.7,55.5,Lapis legit,0,549.45
832,174.0,17.0,10.0,3.0,Lawar babi masakan,1,29.700000000000003
833,141.0,23.0,1.5,7.6,Lawar penyu masakan,1,75.24
834,159.0,5.0,10.9,10.1,Lawara jangang masakan,1,99.99000000000001
835,207.0,7.4,15.4,9.6,Lawara penjah masakan,1,95.04
836,405.0,4.8,5.1,84.9,Ledre pisang,0,840.5100000000001
837,15.0,1.0,0.4,1.9,Lema/ Rebung asam,1,18.81
838,902.0,0.0,100.0,0.0,Lemak Babi,1,0.0
839,630.0,9.1,65.0,1.1,Lemak Babi (Bacon),1,10.890000000000002
840,372.0,12.0,29.4,14.4,Lemak ikan,1,142.56
841,818.0,1.5,90.0,0.0,Lemak Kerbau,1,0.0
842,34.0,0.5,0.8,6.2,Lemon segar,1,61.38000000000001
843,36.0,0.0,0.0,10.0,Lemon Squasih,1,99.0
844,30.0,0.0,0.0,8.0,Lemonade,1,79.2
845,221.3,3.8,3.6,43.4,Lemper ,1,429.66
846,320.0,3.5,5.7,63.7,Lempog durian,0,630.6300000000001
847,181.0,2.8,1.2,39.8,Lepok/Ubi rumput,1,394.02
848,33.0,1.9,0.1,7.4,Leunca buah,1,73.26
849,240.0,7.8,0.5,51.3,Leupeut Ketan ,0,507.87
850,387.0,16.0,22.0,3.0,Leverwost (sosis hati),1,29.700000000000003
851,79.0,2.3,5.2,5.8,Lilin bungkus gedi,1,57.42
852,19.0,0.9,0.1,4.2,Lobak,1,41.58000000000001
853,217.0,11.0,1.7,5.1,Lokan segar,1,50.49
854,27.0,0.4,0.2,6.0,Lontar segar,1,59.400000000000006
855,163.3,2.8,2.2,33.0,Lopis ,1,326.70000000000005
856,38.0,1.1,0.3,7.6,Lumai/Leunca segar,1,75.24
857,164.0,1.8,2.1,34.5,Lupis ketan,1,341.55
858,294.0,0.3,0.0,79.5,Madu,0,787.0500000000001
859,341.0,0.3,0.0,85.0,Maizena tepung,0,841.5000000000001
860,363.0,8.7,0.4,78.7,Makaroni,0,779.1300000000001
861,63.0,2.4,0.4,12.4,Mangga benggala segar,1,122.76000000000002
862,44.0,0.7,0.2,11.2,Mangga Gedong,1,110.88
863,63.0,0.5,0.2,16.7,Mangga Golek,1,165.33
864,46.0,0.4,0.2,11.9,Mangga Harum Manis,1,117.81000000000002
865,72.0,0.8,0.2,18.7,Mangga Indramayu,1,185.13
866,56.0,0.4,0.2,14.6,Mangga Kopek,1,144.54000000000002
867,86.0,0.7,0.5,19.8,Mangga kwini segar,1,196.02
868,133.0,1.0,0.1,32.1,Mangga manalagi segar,1,317.79
869,59.0,0.5,0.4,15.1,Mangga Muda,1,149.49
870,52.0,0.7,0.0,12.3,Mangga segar,1,121.77000000000001
871,63.0,0.6,0.6,15.6,Manggis,1,154.44
872,720.0,0.6,81.0,0.4,Margarin,1,3.9600000000000004
873,144.0,3.5,1.2,29.8,Markisa segar,1,295.02
874,217.0,2.5,1.0,49.6,Markisa squash,1,491.0400000000001
875,104.0,1.2,0.5,23.7,Markisa squash BD,1,234.63
876,265.3,4.7,5.5,49.3,Martabak  manis,1,488.07000000000005
877,153.0,4.5,4.2,24.3,Martabak india,1,240.57000000000005
878,278.0,5.1,8.6,45.0,Martabak mesir,1,445.50000000000006
879,200.0,8.9,5.1,29.5,Martabak Telur ,1,292.05
880,369.0,2.1,7.0,74.1,Masekat,0,733.59
881,90.0,1.2,0.1,21.1,Matoa segar,1,208.89000000000004
882,276.0,0.0,0.1,71.0,Melase,0,702.9000000000001
883,66.0,5.0,0.7,13.3,Melinjo,1,131.67000000000002
884,37.0,0.6,0.4,7.8,Melon segar,1,77.22
885,322.0,55.8,2.0,22.7,Menjangan daging dendeng mentah,1,224.73000000000002
886,725.0,0.5,81.6,1.4,Mentega,1,13.86
887,65.0,1.7,0.2,16.1,Menteng,1,159.39000000000004
888,359.0,11.5,6.8,64.4,Merica,0,637.5600000000002
889,88.0,0.6,3.3,14.0,Mi basah,1,138.60000000000002
890,71.0,0.2,0.8,15.9,Mi golosor,1,157.41000000000003
891,339.0,10.0,1.7,6.3,Mi kering,1,62.370000000000005
892,113.0,3.0,3.2,18.1,Mie aceh rebus,1,179.19000000000003
893,102.0,6.2,3.9,10.5,Mie ayam,1,103.95
894,114.0,5.3,3.0,16.4,Mie bakso,1,162.35999999999999
895,86.0,0.6,3.3,14.0,Mie basah,1,138.60000000000002
896,353.0,0.3,0.0,88.0,Mie Bendo,0,871.2
897,102.0,3.0,2.1,17.8,Mie celon,1,176.22000000000003
898,468.0,7.6,20.4,62.4,Mie Goreng ,0,617.76
899,337.0,7.9,11.8,50.0,Mie kering,1,495.00000000000006
900,105.0,5.9,4.9,9.4,Mie pangsit basah,1,93.06000000000002
901,190.0,0.2,0.4,46.5,Mie Sagu,1,460.35
902,902.0,0.0,100.0,0.0,Minyak Hati Hiu (Eulamia),1,0.0
903,902.0,0.0,100.0,0.0,Minyak Ikan,1,0.0
904,902.0,0.0,100.0,0.0,Minyak Kacang Tanah,1,0.0
905,883.0,0.0,99.9,0.0,Minyak kedelai,1,0.0
906,870.0,1.0,98.0,0.0,Minyak Kelapa,1,0.0
907,902.0,0.0,100.0,0.0,Minyak Kelapa Sawit,1,0.0
908,902.0,0.0,100.0,0.0,Minyak Wijen,1,0.0
909,884.0,0.0,100.0,0.0,Minyak Zaitun,1,0.0
910,345.0,8.5,2.2,78.0,Misoa,0,772.2
911,218.0,0.8,16.0,50.2,Misro ,0,496.9800000000001
912,128.0,8.0,10.0,1.3,Moon tahu,1,12.870000000000001
913,33.0,2.3,0.5,4.7,Mostarda metan -sawi,1,46.53000000000001
914,330.0,17.8,23.4,12.1,Mujahir acar kuning masakan,1,119.79
915,478.0,38.3,33.9,5.1,Naan maran sapi masakan,1,50.49
916,52.0,0.4,0.2,13.7,Nanas,1,135.63
917,58.0,0.7,0.2,13.3,Nanas palembang segar,1,131.67000000000002
918,165.0,4.2,0.1,36.7,Nangka biji,1,363.33000000000004
919,106.0,1.2,0.3,27.6,Nangka masak di pohon,1,273.24
920,51.0,2.0,0.4,11.3,Nangka Muda,1,111.87000000000002
921,180.0,3.0,0.3,39.8,Nasi,1,394.02
922,149.0,2.8,0.4,32.5,Nasi beras merah,1,321.75
923,192.0,3.8,8.8,24.4,Nasi gemuk,1,241.56
924,276.0,3.2,3.2,30.2,Nasi Goreng ,1,298.98
925,190.0,4.7,7.5,26.0,Nasi gurih,1,257.40000000000003
926,357.0,8.8,0.5,79.5,Nasi jagung,0,787.0500000000001
927,207.0,3.5,5.0,37.1,Nasi minyak,1,367.29
928,155.0,10.3,4.2,19.1,Nasi rames,1,189.09
929,120.0,2.4,0.4,26.0,Nasi tim,1,257.40000000000003
930,253.3,4.3,21.0,11.7,Nasi Uduk ,1,115.83000000000001
931,196.0,14.5,8.3,15.9,Nasu likku masakan,1,157.41000000000003
932,600.0,14.0,41.7,42.0,Noga Kacang Tanah ,1,415.8
933,387.0,5.3,7.6,74.3,Nopia spesial,0,735.57
934,9.0,2.1,6.0,7.1,Olah-olah,1,70.29
935,187.0,13.0,6.0,22.6,Oncom,1,223.74000000000004
936,376.0,14.9,6.0,65.7,Oncom ampas kacang hijau,0,650.4300000000001
937,363.3,19.3,19.3,40.3,Oncom Goreng ,1,398.96999999999997
938,284.0,12.0,14.4,13.6,Oncom Hitam Goreng ,1,134.64000000000001
939,306.7,9.0,18.0,27.0,Oncom Hitam Goreng bertepung ,1,267.3
940,351.0,11.0,5.3,65.9,Oncom kacang hijau + singkong,0,652.4100000000001
941,132.0,12.7,3.8,13.7,Oncom Kacang Tanah pepes,1,135.63
942,187.0,13.0,6.0,22.6,Oncom Kedele,1,223.74000000000004
943,368.0,6.8,32.0,13.2,Oncom Merah Goreng ,1,130.68
944,320.0,7.3,18.7,31.0,Oncom Merah Goreng bertepung ,1,306.90000000000003
945,40.0,2.0,2.0,3.0,Oncom Merah Sayur (tumis) ,1,29.700000000000003
946,76.0,5.2,1.8,10.6,Oncom pepes,1,104.94
947,288.6,8.3,8.9,44.3,Onde-onde ,1,438.57000000000005
948,115.0,1.5,6.0,14.0,Ongol-ongol ,1,138.60000000000002
949,111.0,0.3,2.7,21.2,Ongol-ongol sagu,1,209.88
950,940.0,36.0,42.0,104.0,Opak Singkong ,0,1029.6000000000001
951,117.0,13.7,5.0,4.3,Oramu ninahu ndawa olaho masakan,1,42.57000000000001
952,125.0,10.4,8.6,0.8,Otak,1,7.920000000000001
953,351.0,0.9,0.9,84.9,Oyek,0,840.5100000000001
954,342.0,2.3,0.1,83.1,Oyek (dari singkong),0,822.6899999999999
955,77.0,3.5,4.6,5.4,Paku hinela wulelenggapaya,1,53.46000000000001
956,494.0,7.5,36.4,40.1,Pala biji,1,396.99000000000007
957,42.0,0.3,0.2,10.9,Pala daging,1,107.91000000000003
958,460.0,28.5,35.2,7.2,Paniki masak santan masakan,1,71.28
959,133.8,3.0,1.6,27.0,Papais ,1,267.3
960,61.0,0.2,0.1,14.9,Papeda,1,147.51
961,87.0,10.5,2.5,5.5,Parede baleh masakan,1,54.45
962,29.0,1.1,0.3,6.6,Paria (Pare),1,65.34
963,16.0,0.8,0.2,3.4,Paria Putih kukus,1,33.660000000000004
964,19.0,1.0,0.4,3.6,Paria putih segar,1,35.64
965,307.0,4.5,13.3,42.4,Pastel,1,419.76
966,362.0,0.5,0.3,86.9,Pati Singkong (tapioka),0,860.3100000000002
967,23.0,1.8,0.3,4.5,Pe-Cay,1,44.550000000000004
968,156.0,28.0,4.0,0.0,Peda Ikan Banjar,1,0.0
969,75.0,2.5,2.8,10.0,Pelecing kangkung,1,99.0
970,219.0,19.7,13.6,4.4,Pelepah manuk masakan,1,43.56000000000001
971,162.0,4.9,3.0,27.8,Pempek adaan,1,275.22
972,156.0,4.2,1.4,31.6,Pempek belida,1,312.84000000000003
973,152.0,4.5,2.3,28.2,Pempek kapal selam,1,279.18
974,211.0,12.3,6.1,26.6,Pempek kelesan,1,263.34000000000003
975,243.0,5.2,7.3,39.1,Pempek kulit,1,387.09000000000003
976,173.0,7.2,1.2,33.4,Pempek tenggiri,1,330.66
977,372.0,7.8,36.3,3.5,Pencok lele masakan,1,34.650000000000006
978,174.0,13.1,12.2,2.2,Penyu serapah masakan,1,21.780000000000005
979,19.0,0.6,0.1,3.9,Pepare ular segar,1,38.61
980,275.0,11.6,11.6,30.2,Pepaya lodeh,1,298.98
981,26.0,2.1,0.1,4.9,Pepaya Muda,1,48.510000000000005
982,46.0,0.5,12.0,12.2,Pepaya segar,1,120.78
983,76.0,5.2,1.8,10.6,Pepea oncom ampas tahu,1,104.94
984,400.0,0.0,0.0,95.0,Permen ,0,940.5000000000001
985,142.0,10.4,2.0,22.0,Pete Segar,1,217.8
986,50.0,3.7,1.0,9.0,Peterseli,1,89.10000000000001
987,161.0,20.0,0.2,24.0,Petis Ikan,1,237.60000000000002
988,220.0,15.0,0.1,40.0,Petis Udang,1,396.0
989,345.0,23.8,1.4,59.3,Petis udang kering,0,587.07
990,220.0,15.0,0.9,38.0,Petis udang pasta,1,376.20000000000005
991,514.0,1.0,27.8,647.0,Pilus ,0,6405.3
992,107.0,15.9,0.6,0.4,Pinda masakan,1,3.9600000000000004
993,157.0,28.0,4.2,0.0,Pindang Ikan Banjar,1,0.0
994,170.0,31.0,4.2,0.0,Pindang Ikan Benggol,1,0.0
995,153.0,30.0,2.8,0.0,Pindang Ikan Layang,1,0.0
996,142.0,27.0,3.0,0.0,Pindang Ikan Selar Kecil,1,0.0
997,124.0,9.5,9.6,0.0,Pindang kenari masakan,1,0.0
998,99.0,1.2,0.2,25.8,Pisang Ambon,1,255.42000000000002
999,68.0,1.3,0.2,17.2,Pisang angleng (pisang ampyang) segar,1,170.28000000000003
1000,120.0,1.1,0.2,26.8,Pisang ayam segar,1,265.32000000000005
1001,127.0,2.1,0.3,31.1,Pisang gapi segar ,1,307.89
1002,220.0,2.3,2.3,6.3,Pisang Goreng ,1,62.370000000000005
1003,115.0,1.9,0.2,27.9,Pisang goroho segar,1,276.21000000000004
1004,117.0,2.0,0.3,28.9,Pisang hijau segar,1,286.11
1005,100.0,1.4,0.5,23.6,Pisang kayu segar,1,233.64000000000004
1006,109.0,0.8,0.5,26.3,Pisang kepok segar,1,260.37
1007,145.0,1.1,0.3,34.5,Pisang ketip segar,1,341.55
1008,96.0,1.0,0.2,22.5,Pisang kidang segar,1,222.75000000000003
1009,99.0,1.3,0.2,25.6,Pisang Lampung,1,253.44000000000003
1010,127.0,1.4,0.2,33.6,Pisang Mas,1,332.6400000000001
1011,127.0,1.4,0.2,31.8,Pisang mas bali,1,314.82000000000005
1012,134.0,1.1,0.5,35.5,Pisang Oli,1,351.45000000000005
1013,120.0,1.2,0.2,31.8,Pisang Raja,1,314.82000000000005
1014,118.0,1.2,0.2,31.1,Pisang Raja Sere (Susu),1,307.89
1015,98.0,1.3,1.2,20.5,Pisang rotan segar,1,202.95000000000002
1016,625.0,1.0,0.0,8.1,Pisang Siam goreng,1,80.19
1017,113.0,1.2,0.2,26.7,Pisang talas segar,1,264.33
1018,45.0,2.2,0.3,10.3,Prey (bawang daun),1,101.97000000000001
1019,33.0,4.5,0.4,2.8,Pucuk lumai/daun leunca segar,1,27.72
1020,216.0,2.6,3.1,44.4,Pulut,1,439.56000000000006
1021,224.0,26.2,11.3,4.4,Punai daging goreng,1,43.56000000000001
1022,104.0,1.9,4.1,15.1,Pundut nasi,1,149.49
1023,25.0,1.5,0.5,3.6,Purundawa,1,35.64
1024,76.0,4.1,1.1,15.2,Purut segar,1,150.48
1025,76.0,3.6,0.3,14.6,Putri malu segar,1,144.54000000000002
1026,163.0,2.2,6.5,23.8,Putri selat,1,235.62000000000003
1027,200.0,1.0,2.4,43.8,Putu Mayang ,1,433.62
1028,136.0,43.0,2.4,3.0,Ragi,1,29.700000000000003
1029,76.0,12.1,2.0,2.4,Rajungan segar,1,23.76
1030,69.0,0.9,0.1,18.1,Rambutan,1,179.19000000000003
1031,11.0,0.0,0.0,2.7,Rambutan Aceh,1,26.730000000000004
1032,76.0,0.5,0.2,18.0,Rambutan binjai segar,1,178.20000000000002
1033,4.0,0.0,0.0,0.9,Rambutan sinyonya,1,8.91
1034,295.0,7.3,8.5,47.5,Rarawuan ,1,470.25000000000006
1035,394.0,2.2,8.8,76.6,Rasbi (Beras Ubi),0,758.34
1036,350.0,0.9,0.4,85.7,Rasi (Beras Singkong),0,848.4300000000001
1037,60.0,5.4,2.5,4.0,Rawon masakan,1,39.6
1038,81.0,16.2,1.2,0.7,Rebon (udang kecil segar),1,6.93
1039,299.0,29.4,3.6,3.2,Rebon kering,1,31.680000000000003
1040,81.0,16.2,1.2,0.7,Rebon udang kecil segar,1,6.93
1041,27.0,0.6,0.3,5.2,Rebung,1,51.480000000000004
1042,320.0,7.2,4.2,63.3,Rebung laut mentah,0,626.67
1043,451.0,11.2,20.2,59.7,Rempeyek kacang tolo,0,591.03
1044,497.0,17.0,27.6,50.8,Rempeyek kacang uci,0,502.92
1045,193.0,22.6,7.9,7.8,Rendang sapi masakan,1,77.22
1046,471.0,4.7,21.8,64.1,Renggi goreng,0,634.59
1047,75.0,1.6,0.6,15.8,Rimbang segar,1,156.42000000000002
1048,335.0,5.3,3.5,70.5,Risoles ,0,697.95
1049,341.0,5.5,16.2,43.3,Roti boong,1,428.67
1050,350.0,7.5,2.0,75.5,Roti Gambang ,0,747.45
1051,248.0,8.0,1.2,50.0,Roti Putih,1,495.00000000000006
1052,249.0,7.9,1.5,49.7,Roti warna sawo matang,1,492.0300000000001
1053,153.0,11.3,8.4,8.0,Rujak cingur,1,79.2
1054,41.0,1.4,0.3,8.1,Rumput laut,1,80.19
1055,536.0,40.5,41.5,0.0,Rusa daging dendeng mentah,1,0.0
1056,110.0,11.5,2.0,11.7,Rusip,1,115.83000000000001
1057,198.0,24.6,10.7,0.9,RW anjing masakan,1,8.91
1058,449.0,30.6,25.5,31.9,Saga biji tanpa kulit,1,315.81000000000006
1059,338.0,0.6,0.3,83.1,Sagu Ambon ,0,822.6899999999999
1060,355.0,0.6,1.1,85.6,Sagu aren kering,0,847.4399999999999
1061,231.0,0.6,0.2,56.6,Sagu aren segar,0,560.34
1062,291.0,0.5,4.0,63.4,Sagu forno,0,627.6600000000001
1063,230.0,0.6,0.2,56.5,Sagu kasbi segar,0,559.35
1064,452.0,2.8,14.8,76.8,Sagu Lemak (Kue Sagon),0,760.32
1065,347.0,0.9,0.3,85.2,Sagu lempeng,0,843.4800000000001
1066,364.0,0.1,0.2,90.5,Sagu Rendang,0,895.95
1067,362.0,0.5,0.3,86.9,Sagu singkong kering,0,860.3100000000002
1068,354.0,0.8,8.3,68.9,Sagu sinole,0,682.11
1069,57.0,0.5,0.1,13.6,Salak bali segar,1,134.64000000000001
1070,55.0,0.4,0.2,12.8,Salak medan segar,1,126.72000000000001
1071,87.0,0.8,0.4,20.1,Salak pondoh segar,1,198.99000000000004
1072,281.0,2.4,0.7,66.1,Sale pisang siam,0,654.39
1073,122.0,2.0,10.0,7.6,Santan (dengan air),1,75.24
1074,324.0,4.2,34.3,55.6,Santan (kelapa saja),0,550.44
1075,324.0,4.2,34.3,5.6,Santan murni,1,55.44
1076,98.0,2.0,0.4,24.5,Saos Tomat,1,242.55
1077,212.0,18.0,10.6,59.3,Sapi abon,0,587.07
1078,108.0,17.6,4.2,0.0,Sapi babat segar,1,0.0
1079,182.0,32.0,6.0,0.0,Sapi daging asap,1,0.0
1080,301.0,55.0,9.0,0.0,Sapi daging dendeng mentah,1,0.0
1081,273.0,17.5,22.0,0.0,Sapi daging gemuk segar,1,0.0
1082,289.0,16.0,25.0,0.0,Sapi daging kornet,1,0.0
1083,174.0,19.6,10.0,0.0,Sapi daging kurus segar,1,0.0
1084,201.0,18.8,14.0,0.0,Sapi daging lemak sedang segar,1,0.0
1085,448.0,14.5,42.3,2.3,Sapi daging sosis (Worst),1,22.77
1086,183.0,12.0,14.4,1.4,Sapi daleman segar,1,13.86
1087,98.0,21.9,1.1,0.0,Sapi dideh/darah,1,0.0
1088,137.0,15.0,8.1,0.9,Sapi ginjal segar,1,8.91
1089,274.0,16.0,22.0,3.0,Sapi hati sosis (liverworst),1,29.700000000000003
1090,84.0,10.5,4.6,0.2,Sapi keleponan segar,1,1.9800000000000002
1091,132.0,19.7,3.2,6.0,Sapi liver segar,1,59.400000000000006
1092,123.0,10.4,8.6,0.8,Sapi otak segar,1,7.920000000000001
1093,360.0,57.3,6.0,19.2,Sapi paru dendeng mentah,1,190.08
1094,268.0,23.9,12.7,14.5,Sapi paru goreng,1,143.55
1095,126.0,14.0,7.2,1.5,Sapi usus segar,1,14.850000000000001
1096,281.0,37.5,0.3,32.1,Sarang Burung,1,317.79
1097,338.0,21.1,27.0,1.0,Sardines dalam kaleng,1,9.9
1098,344.0,30.0,20.0,43.0,Sari Kedelai bubuk,1,425.70000000000005
1099,166.0,2.3,2.8,32.9,Sarimuka,1,325.71000000000004
1100,283.0,12.1,16.8,20.9,Sate Bandeng,1,206.91000000000003
1101,110.0,15.5,0.5,11.5,Sate Kulit ,1,113.85000000000001
1102,179.0,22.5,3.5,13.3,Sate penyu masakan,1,131.67000000000002
1103,274.0,12.9,18.6,13.6,Sate pusut masakan,1,134.64000000000001
1104,126.7,14.0,7.3,1.3,Sate Usus ,1,12.870000000000001
1105,22.0,2.3,0.3,4.0,Sawi,1,39.6
1106,9.0,1.0,0.1,1.7,Sawi putih / pecai segar,1,16.830000000000002
1107,30.0,1.9,0.5,4.4,Sawi taiwan segar,1,43.56000000000001
1108,19.0,1.3,0.2,2.9,Sawi tanah segar,1,28.71
1109,92.0,0.5,1.1,22.4,Sawo,1,221.76
1110,64.0,1.0,3.1,8.0,Sawo duren segar,1,79.2
1111,111.0,0.9,2.3,21.6,Sawo kecik segar,1,213.84000000000003
1112,92.0,0.5,1.1,22.4,Sawo Manila segar,1,221.76
1113,29.0,0.7,0.6,5.0,Sayur asem,1,49.5
1114,49.0,1.7,0.3,9.8,Sayur bunga pepaya,1,97.02000000000001
1115,178.0,2.6,13.9,10.6,Sayur garu,1,104.94
1116,133.0,7.3,6.6,11.2,Sayur kohu-kohu,1,110.88
1117,64.0,2.1,0.6,12.5,Sayur lebui,1,123.75000000000001
1118,36.0,2.7,0.7,4.8,Sayur lilin-terubuk,1,47.52
1119,49.0,3.1,2.5,3.6,Sayur ndusuk,1,35.64
1120,27.0,1.3,2.0,1.0,Sayur sop,1,9.9
1121,67.0,5.2,2.9,5.1,Sayur umbut kelapa,1,50.49
1122,57.0,5.4,2.6,3.1,Sayur umbut rotan,1,30.690000000000005
1123,15.0,1.2,0.2,2.9,Selada,1,28.71
1124,17.0,1.7,0.3,3.0,Selada Air,1,29.700000000000003
1125,19.0,2.7,0.2,2.9,Selada Air rebus,1,28.71
1126,20.0,1.0,0.1,4.6,Seledri,1,45.54
1127,28.0,0.5,0.2,6.9,Semangka,1,68.31
1128,192.5,4.5,6.0,30.3,Semur Jengkol ,1,299.97
1129,64.0,0.6,0.3,14.8,Sente,1,146.52
1130,353.0,0.7,0.2,84.7,Sente talas segar,0,838.5300000000002
1131,88.0,7.9,1.6,10.6,Sepi masakan,1,104.94
1132,298.0,8.0,23.8,48.9,Serbuk Coklat,1,484.11000000000007
1133,478.0,2.5,21.2,69.2,Serimping talas kebumen,0,685.08
1134,213.0,0.0,0.0,55.0,Setrup sirup,0,544.5000000000001
1135,88.0,3.2,8.0,0.8,Shabu-shabu,1,7.920000000000001
1136,474.0,11.2,42.5,11.7,Sie reuboh masakan,1,115.83000000000001
1137,81.0,5.1,4.5,5.1,Singkah (rotan muda),1,50.49
1138,285.0,1.0,18.0,28.0,Singkong Goreng ,1,277.20000000000005
1139,146.0,1.2,0.3,34.7,Singkong kukus,1,343.5300000000001
1140,173.0,0.5,0.1,42.5,Singkong tape,1,420.75000000000006
1141,95.3,4.4,2.2,14.4,Siomay ,1,142.56
1142,65.0,1.0,0.3,16.3,Sirsak,1,161.37000000000003
1143,213.0,0.0,0.0,55.0,Sirup,0,544.5000000000001
1144,71.0,7.5,3.6,2.2,Sop buntut masakan,1,21.780000000000005
1145,49.0,5.8,0.5,5.3,Sop daging sapi masakan,1,52.47
1146,68.0,9.0,1.9,3.7,Sop kaki sapi masakan,1,36.63
1147,34.0,5.5,0.8,1.1,Sop kambing masakan,1,10.890000000000002
1148,71.0,7.4,2.6,4.5,Sop konro masakan,1,44.550000000000004
1149,12.0,0.5,0.1,2.0,Sop Kool,1,19.8
1150,15.0,0.6,0.1,3.1,Sop Kool dan Wortel,1,30.690000000000005
1151,89.0,7.2,5.0,3.9,Sop saudara masakan,1,38.61
1152,42.0,3.9,1.7,2.8,Soto bandung masakan,1,27.72
1153,110.0,2.9,9.5,3.2,Soto banjar masakan,1,31.680000000000003
1154,135.0,2.5,8.8,11.5,Soto betawi masakan,1,113.85000000000001
1155,127.5,2.6,9.4,8.3,Soto dengan Daging,1,82.17
1156,92.0,11.8,4.3,1.4,Soto jeroan masakan,1,13.86
1157,38.0,2.6,2.3,1.8,Soto kudus masakan,1,17.82
1158,60.0,3.5,4.5,1.3,Soto madura masakan,1,12.870000000000001
1159,127.0,5.9,6.6,11.0,Soto padang masakan,1,108.9
1160,94.0,3.0,6.8,5.1,Soto pekalongan masakan,1,50.49
1161,75.0,3.6,5.2,3.5,Soto pemalang masakan,1,34.650000000000006
1162,80.0,3.2,3.5,9.0,Soto sukaraja masakan,1,89.10000000000001
1163,86.0,2.3,8.5,0.0,Soto sulung masakan,1,0.0
1164,117.1,0.4,8.6,9.6,Soto tanpa Daging ,1,95.04
1165,139.0,7.4,2.1,22.6,Spaghetti,1,223.74000000000004
1166,101.0,1.7,0.6,35.2,Srikaya,1,348.4800000000001
1167,75.0,5.6,0.4,12.2,Sukiyaki masakan,1,120.78
1168,119.0,1.4,0.2,28.1,Sukun muda segar,1,278.19000000000005
1169,126.0,1.6,0.2,24.5,Sukun tua segar,1,242.55
1170,418.0,19.0,9.0,65.5,Susu asam untuk bayi bubuk,0,648.45
1171,513.0,24.6,30.0,36.2,Susu bubuk,1,358.38000000000005
1172,64.0,4.3,2.3,6.6,Susu Kambing,1,65.34
1173,41.0,3.5,2.5,5.0,Susu Kedelai,1,49.5
1174,336.0,8.2,10.0,55.0,Susu Kental Manis,0,544.5000000000001
1175,138.0,7.0,7.9,9.9,Susu Kental Tak Manis,1,98.01
1176,160.0,6.3,12.0,7.1,Susu Kerbau,1,70.29
1177,61.0,3.2,3.5,4.3,Susu Sapi,1,42.57000000000001
1178,36.0,3.5,0.1,5.1,Susu Skim (tak berlemak),1,50.49
1179,359.0,35.6,1.0,52.0,Susu skim bubuk,0,514.8000000000001
1180,36.0,3.5,0.1,5.1,Susu skim segar,1,50.49
1181,87.0,5.3,5.2,6.3,Susupan,1,62.370000000000005
1182,90.0,1.5,0.1,21.9,Suweg kukus,1,216.81
1183,69.0,1.0,0.1,15.7,Suweg mentah,1,155.43
1184,74.0,1.4,0.1,17.2,Suweg talas segar,1,170.28000000000003
1185,347.0,0.5,0.9,84.2,Suwir-suwir,0,833.58
1186,68.0,7.8,4.6,1.6,Tahu,1,15.840000000000002
1187,115.0,9.7,8.5,2.5,Tahu goreng,1,24.75
1188,328.0,12.6,19.9,24.6,Tahu telur,1,243.54000000000002
1189,148.0,13.8,8.5,4.0,Takwa,1,39.6
1190,120.0,1.5,0.3,28.2,Talas bogor kukus,1,279.18
1191,163.0,2.3,0.5,36.4,Talas pontianak segar,1,360.36
1192,115.0,1.8,0.5,25.9,Talas viqueque segar,1,256.41
1193,120.0,1.5,0.3,28.2,Tales kukus,1,279.18
1194,98.0,1.9,0.2,23.7,Tales mentah,1,234.63
1195,166.0,10.4,4.9,24.1,Taoco,1,238.59000000000003
1196,88.0,3.2,2.1,14.0,Taoge goreng,1,138.60000000000002
1197,76.0,9.0,2.6,6.4,Taoge kacang kedelai segar,1,63.36000000000001
1198,28.0,3.0,0.8,4.0,Taoge seduh,1,39.6
1199,34.0,3.7,1.2,4.3,Taoge segar,1,42.57000000000001
1200,104.0,12.9,6.8,1.2,Taokoa,1,11.88
1201,99.0,1.7,0.3,22.4,Tapai beras,1,221.76
1202,166.0,3.8,1.0,34.4,Tapai ketan hitam,1,340.56000000000006
1203,172.0,3.0,0.5,37.5,Tapai ketan putih,1,371.25
1204,169.0,1.4,0.3,40.2,Tapai singkong,1,397.9800000000001
1205,358.0,7.5,4.3,70.4,Tauco cap DAS cake,0,696.9600000000002
1206,277.0,9.1,4.7,49.6,Tauji cap singa,1,491.0400000000001
1207,25.0,4.6,0.4,3.0,Tebu Terubuk,1,29.700000000000003
1208,83.0,10.4,3.4,2.8,Tedong pallu basa masakan,1,27.72
1209,132.0,19.5,0.7,67.8,Teh,0,671.22
1210,300.0,28.3,4.8,53.6,Teh hijau daun kering,0,530.6400000000001
1211,299.0,24.1,3.5,59.0,Teh melati daun kering,0,584.1
1212,34.0,2.0,0.1,7.9,Tekokak,1,78.21000000000001
1213,294.0,8.3,1.7,72.6,Tekokak kering,0,718.74
1214,53.0,1.9,0.9,9.4,Tekwan,1,93.06000000000002
1215,162.0,12.8,11.5,0.7,Telur Ayam,1,6.93
1216,361.0,19.3,31.9,0.7,Telur Ayam bagian kuning,1,6.93
1217,50.0,10.8,0.0,0.8,Telur Ayam bagian putih,1,7.920000000000001
1218,383.0,15.1,32.9,8.3,Telur Ayam ceplok,1,82.17
1219,251.0,16.3,19.4,1.4,Telur Ayam dadar,1,13.86
1220,179.0,13.6,13.3,4.4,Telur ayam kampung ,1,43.56000000000001
1221,386.0,17.0,35.0,0.8,Telur bebek bagian kuning segar,1,7.920000000000001
1222,54.0,11.0,0.0,0.8,Telur Bebek bagian putih,1,7.920000000000001
1223,54.0,11.0,0.0,0.8,Telur bebek bagian putih segar,1,7.920000000000001
1224,320.0,15.1,30.5,0.9,Telur Bebek ceplok,1,8.91
1225,301.0,20.0,23.7,0.0,Telur Bebek dadar,1,0.0
1226,187.0,10.9,12.4,7.9,Telur bebek tambak segar,1,78.21000000000001
1227,195.0,13.6,13.6,1.4,Telur Bebek telur asin,1,13.86
1228,116.0,10.7,7.0,1.6,Telur burung puyuh segar,1,15.840000000000002
1229,144.0,12.0,10.2,0.0,Telur Penyu,1,0.0
1230,425.0,31.0,28.0,10.0,Telur Terubuk,1,99.0
1231,119.0,4.4,3.5,18.3,Tempe bongkrek,1,181.17000000000002
1232,73.0,5.7,1.3,4.2,Tempe Gembus,1,41.58000000000001
1233,76.0,6.8,0.7,10.6,Tempe gembus yogya,1,104.94
1234,328.0,18.4,23.2,12.8,Tempe Goreng ,1,126.72000000000001
1235,139.0,12.5,0.8,21.9,Tempe kacang babi,1,216.81
1236,212.0,17.5,10.0,12.9,Tempe kacang belimbing,1,127.71000000000001
1237,143.0,12.0,5.5,11.4,Tempe kedelai + jagung,1,112.86000000000001
1238,350.0,24.5,26.6,10.4,Tempe kedelai murni goreng,1,102.96000000000001
1239,201.0,20.8,8.8,13.5,Tempe kedelai murni mentah,1,133.65
1240,141.0,10.2,1.3,23.2,Tempe koro benguk,1,229.68
1241,146.0,11.7,2.3,19.6,Tempe lamtoro var. gung dengan kulit,1,194.04000000000002
1242,131.0,18.0,0.8,13.0,Tempe lamtoro var. gung tanpa kulit,1,128.70000000000002
1243,150.0,14.0,7.7,9.1,Tempe pasar segar,1,90.09
1244,336.0,20.0,28.0,7.8,Tempe pasar goreng,1,77.22
1245,240.0,6.0,2.7,49.3,Tempe Sayur ,1,488.07000000000005
1246,110.0,1.7,1.3,21.9,Tempoya,1,216.81
1247,126.0,1.1,2.2,25.7,Tempuyak,1,254.43000000000004
1248,355.0,0.7,0.2,85.2,Tepung Arrowroot,0,843.4800000000001
1249,364.0,7.0,0.5,80.0,Tepung Beras,0,792.0
1250,353.0,7.0,0.5,80.0,Tepung beras mentah,0,792.0
1251,353.0,0.8,1.7,83.6,Tepung Ganyong,0,827.6400000000001
1252,363.0,1.1,0.5,88.2,Tepung Gaplek,0,873.1800000000001
1253,355.0,0.7,0.2,85.2,Tepung Garut (arrowroot),0,843.4800000000001
1254,364.0,4.5,1.0,83.5,Tepung Hunkwee,0,826.6500000000001
1255,316.0,60.1,6.5,22.4,Tepung Ikan,1,221.76
1256,355.0,9.2,3.9,73.7,Tepung Jagung Kuning,0,729.6300000000001
1257,355.0,9.2,3.9,73.7,Tepung jagung putih,0,729.6300000000001
1258,388.0,19.0,7.5,61.2,Tepung Jalejo,0,605.8800000000001
1259,347.0,35.9,20.6,29.9,Tepung Kacang Kedelai,1,296.01
1260,347.0,0.3,0.1,85.6,Tepung Kentang,0,847.4399999999999
1261,350.0,1.2,0.6,85.0,Tepung Mocaf,0,841.5000000000001
1262,338.0,2.9,0.4,80.6,Tepung Pisang,0,797.9399999999999
1263,353.0,0.7,0.2,84.7,Tepung Sagu,0,838.5300000000002
1264,326.0,4.0,0.4,76.7,Tepung Sente,0,759.33
1265,363.0,1.1,0.5,88.2,Tepung singkong/ Tapioka,0,873.1800000000001
1266,353.0,2.9,0.5,84.4,Tepung Sukun,0,835.5600000000002
1267,509.0,24.6,30.0,36.2,Tepung Susu,1,358.38000000000005
1268,418.0,19.0,9.0,65.5,Tepung Susu Asam untuk bayi,0,648.45
1269,362.0,35.6,1.0,52.0,Tepung Susu Skim,0,514.8000000000001
1270,332.0,5.7,0.6,76.1,Tepung Tales Beneng,0,753.39
1271,365.0,8.9,1.3,77.3,Tepung Terigu,0,765.27
1272,354.0,2.8,0.6,84.4,Tepung Ubi Ungu,0,835.5600000000002
1273,155.0,22.3,2.9,9.9,Terasi,1,98.01
1274,191.0,33.1,3.6,6.6,Terasi dobo,1,65.34
1275,174.0,30.0,3.5,3.5,Terasi Merah,1,34.650000000000006
1276,174.0,30.0,3.5,5.6,Terasi merah,1,55.44
1277,365.0,23.7,22.3,17.5,Teri balado masakan,1,173.25
1278,462.0,39.1,32.4,3.5,Teripang dendeng mentah,1,34.650000000000006
1279,24.0,1.1,0.2,5.5,Terong,1,54.45
1280,285.0,4.3,25.7,9.5,Terong + Oncom makanan,1,94.05000000000001
1281,39.0,2.3,1.9,2.0,Terong Asam,1,19.8
1282,48.0,1.5,0.3,11.3,Terong Belanda,1,111.87000000000002
1283,45.0,1.9,0.8,7.5,Terong hintalo segar,1,74.25
1284,23.0,1.8,0.1,4.9,Terong kukus,1,48.510000000000005
1285,28.0,1.1,0.2,5.5,Terong segar,1,54.45
1286,52.0,2.1,1.1,8.6,Terung belanda segar,1,85.14000000000001
1287,52.0,1.1,0.4,11.2,Terung bengkulu segar,1,110.88
1288,25.0,2.1,0.1,5.3,Terung panjang,1,52.47
1289,23.0,1.8,0.1,4.9,Terung panjang kukus,1,48.510000000000005
1290,59.0,2.9,0.3,13.9,Tespong daun,1,137.61
1291,120.0,2.4,0.4,26.0,Tim (nasi tim),1,257.40000000000003
1292,33.0,1.2,1.3,4.1,Tinira ninahu nggaluku,1,40.589999999999996
1293,516.0,17.7,49.5,0.0,Tinoransak masakan,1,0.0
1294,355.0,6.2,1.2,79.8,Tipa-tipa,0,790.02
1295,353.0,2.4,1.1,83.4,Tiwul  ,0,825.6600000000001
1296,395.0,3.2,8.5,76.5,Tiwul Instan,0,757.35
1297,392.0,5.4,28.5,28.4,Toge -Tahu makanan,1,281.16
1298,93.6,4.4,1.8,15.1,Toge Goreng ,1,149.49
1299,23.0,2.9,0.2,4.1,Toge kacang ijo,1,40.589999999999996
1300,35.0,5.0,0.2,5.8,Toge kacang tunggak,1,57.42
1301,67.0,9.0,2.6,6.4,Toge kedelai,1,63.36000000000001
1302,28.0,3.0,0.8,4.0,Toge seduh,1,39.6
1303,20.0,1.0,0.2,3.5,Tomat air (juice) segar,1,34.650000000000006
1304,20.0,1.0,0.3,4.2,Tomat Masak,1,41.58000000000001
1305,24.0,1.3,0.5,4.7,Tomat merah segar,1,46.53000000000001
1306,24.0,2.0,0.7,3.3,Tomat muda segar,1,32.67
1307,189.0,11.3,15.7,0.6,Tumis bandeng,1,5.94
1308,48.0,1.4,4.2,2.6,Tumis bayam bersantan,1,25.740000000000002
1309,186.0,1.9,0.2,44.3,Ubi Cilembu,1,438.57000000000005
1310,160.0,3.7,1.3,55.3,Ubi Jalar Goreng ,0,547.47
1311,100.0,0.7,0.3,23.8,Ubi jalar kuning kukus,1,235.62000000000003
1312,119.0,0.5,0.4,25.1,Ubi jalar kuning segar,1,248.49000000000004
1313,83.0,1.5,0.2,18.8,Ubi jalar manis segar,1,186.12000000000003
1314,123.0,1.8,0.7,27.9,Ubi Jalar Merah,1,276.21000000000004
1315,151.0,1.6,0.3,35.4,Ubi jalar merah segar,1,350.46000000000004
1316,123.0,1.8,0.7,27.9,Ubi Jalar Putih,1,276.21000000000004
1317,114.0,1.4,9.6,25.6,Ubi Jalar Rebus,1,253.44000000000003
1318,184.0,1.4,0.3,22.5,Ubi Jalar Sayur,1,222.75000000000003
1319,108.0,0.5,0.4,25.6,Ubi jalar tinta/ kemayung,1,253.44000000000003
1320,165.0,0.9,0.2,39.8,Ubi jalar tinta/ kemayung kukus,1,394.02
1321,82.0,5.8,1.3,11.7,Uceng/ bunga melinjo segar,1,115.83000000000001
1322,56.0,11.4,0.6,1.2,Udang besar segar,1,11.88
1323,81.0,16.5,0.3,3.0,Udang galah segar,1,29.700000000000003
1324,295.0,62.4,2.3,1.8,Udang kering,1,17.82
1325,278.0,62.6,4.1,2.2,Udang kering mentah,1,21.780000000000005
1326,273.0,47.8,3.8,12.5,Udang papay mentah,1,123.75000000000001
1327,91.0,21.0,0.2,0.1,Udang segar,1,0.9900000000000001
1328,380.0,11.9,30.3,14.9,Ulat sagu panggang,1,147.51
1329,241.0,5.8,21.6,5.8,Ulat sagu segar,1,57.42
1330,120.0,2.8,0.5,82.3,Umbi Uwi segar,0,814.77
1331,34.0,2.4,0.3,5.5,Umbut rotan,1,54.45
1332,130.0,14.0,7.2,1.5,Usus Sapi,1,14.850000000000001
1333,101.0,2.0,0.2,19.8,Uwi,1,196.02
1334,363.0,8.7,0.4,78.7,Vermicelli,0,779.1300000000001
1335,303.0,6.3,2.7,63.3,Wajit camilan,0,626.67
1336,45.0,0.8,0.9,8.1,Waluh balamak,1,80.19
1337,424.0,1.3,10.7,80.7,Widaran,0,798.9300000000001
1338,568.0,19.3,51.1,18.1,Wijen,1,179.19000000000003
1339,355.0,3.2,15.1,51.4,Wingko babat,0,508.86000000000007
1340,143.0,3.1,7.8,15.0,Woku ubi,1,148.5
1341,452.0,14.5,42.3,2.3,Worst (sosis daging),1,22.77
1342,42.0,1.2,0.6,9.3,Wortel Segar,1,92.07000000000002
1343,37.0,1.0,0.6,8.3,Wortel kukus,1,82.17
1344,28.0,0.7,0.5,6.3,Wortel rebus,1,62.370000000000005
1345,254.0,3.0,1.1,58.1,Yangko,0,575.19
1346,52.0,3.3,2.5,4.0,Yoghurt,1,39.6
